Player,Position,Team,Opp,AST Avg,BLK Avg,DRB Avg,FG Avg,FGA Avg,FPTS Avg,MIN Avg,ORB Avg,PTS Avg,REB Avg,STL Avg,TO Avg,DraftKings,FanDuel,PrizePicks,Underdog,Fav,Spread,O/U,Match Title (Underdog),Game Short Title (Underdog),Venue Name (Underdog),Venue Type (Underdog),Broadcasts (Underdog),Player Salary,Player Image,Tournament,Game Start Time
Isaiah Collier,PG,UTA,NOP,7.83,0,3.3,5.9,11.7,37.3,36,0.4,13.92,2.5,1.5,4.1,29.74,29.065,29.065,29.065,No,5.9,245.9,,,,,,8000,https://dkn.gs/sports/images/nba/players/50/800406.png, @ ,2/28/2026
Jeremiah Fears,PG,NOP,UTA,3.98,0,3.3,5.6,12.4,26.1,27,0.7,14.76,3.5,1.5,2.3,26.955,27.13,27.13,27.13,Yes,-5.9,245.9,,,,,,4800,https://dkn.gs/sports/images/nba/players/50/905556.png, @ ,2/28/2026
Davion Mitchell,PG,MIA,HOU,5.82,0.5,2,3.7,7.9,23.9,30,0.3,7.94,2.5,0.5,1.5,21.045,21.17,21.17,21.17,No,2.2,226.3,,,,,,6000,https://dkn.gs/sports/images/nba/players/50/591009.png, @ ,2/28/2026
De`Anthony Melton,PG,GSW,LAL,2.9,0.3,2.5,5.1,12.3,23.8,23,0.5,14.9,3,1.5,1.8,25.7,26.45,26.45,26.45,No,4.1,229.7,,,,,,,,,
Reed Sheppard,PG,HOU,MIA,3.5,0.5,2.6,4.9,11.9,23.1,24,0.4,15.2,3.5,1.5,0,28.825,30.65,30.65,30.65,Yes,-2.2,226.3,,,,,,7800,https://dkn.gs/sports/images/nba/players/50/800350.png, @ ,2/28/2026
Carlton Carrington,PG,WAS,TOR,4.25,0.5,3.8,3.6,9.9,22.3,28,0.4,9.5,3.5,0.5,2.7,20.9,20.375,20.375,20.375,No,13.6,229.6,,,,,,,,,
Pat Spencer,PG,GSW,LAL,4.5,0,1.7,3.3,7.5,18.9,19,0.8,8.71,2.5,0.5,1.5,18.835,18.46,18.46,18.46,No,4.1,229.7,,,,,,5600,https://dkn.gs/sports/images/nba/players/50/651622.png, @ ,2/28/2026
Jamal Shead,PG,TOR,WAS,4.5,0,1.4,2.1,5.4,16.4,19,0.4,6.65,1.5,0.5,1.1,15.725,15.6,15.6,15.6,Yes,-13.6,229.6,,,,,,4500,https://dkn.gs/sports/images/nba/players/50/800661.png, @ ,2/28/2026
Will Richard,PG,GSW,LAL,1.5,0,1.5,3,6.1,14.5,20,1,7.5,2.5,0,0.8,12.475,11.95,11.95,11.95,No,4.1,229.7,,,,,,4700,https://dkn.gs/sports/images/nba/players/50/906393.png, @ ,2/28/2026
Gary Payton,PG,GSW,LAL,1.7,0.3,1.9,3.1,5.5,13.7,14,1,7.3,2.9,0.8,0.8,15.275,15.83,15.83,15.83,No,4.1,229.7,,,,,,,,,
Kasparas Jakucionis,PG,MIA,HOU,1.7,0,1.3,1.4,3.1,9,13,0.4,4.2,1.6,0.5,0.8,9.35,9.37,9.37,9.37,No,2.2,226.3,,,,,,4500,https://dkn.gs/sports/images/nba/players/50/905569.png, @ ,2/28/2026
JD Davison,PG,HOU,MIA,1.2,0.1,1.1,1,2.4,6,7,0.1,2.5,1.2,0.2,0.4,6.2,6.24,6.24,6.24,Yes,-2.2,226.3,,,,,,1500,https://dkn.gs/sports/images/nba/players/50/649591.png, @ ,2/28/2026
Amen Thompson,SG,HOU,MIA,4.82,0.5,6.1,7.3,13.7,38.2,37,2.8,16.24,7.09,1.5,2.5,35.0825,35.478,35.478,35.478,Yes,-2.2,226.3,,,,,,14100,https://dkn.gs/sports/images/nba/players/50/713757.png, @ ,2/28/2026
Keyonte George,SG,UTA,NOP,4.5,0.5,3.3,7.5,16.1,37,32,0.3,19.55,2.5,0.5,3.5,29.675,28.8,28.8,28.8,No,5.9,245.9,,,,,,8100,https://dkn.gs/sports/images/nba/players/50/713769.png, @ ,2/28/2026
Immanuel Quickley,SG,TOR,WAS,5.5,0.5,4,6.2,13.6,34.4,33,0.6,17.26,3.84,1.5,1.5,33.56,34.618,34.618,34.618,Yes,-13.6,229.6,,,,,,7600,https://dkn.gs/sports/images/nba/players/50/527232.png, @ ,2/28/2026
Austin Reaves,SG,LAL,GSW,3.5,0.5,3.9,6.2,12.8,32,33,0.7,20.5,4.5,1.5,2.8,33.975,34.35,34.35,34.35,Yes,-4.1,229.7,,,,,,7800,https://dkn.gs/sports/images/nba/players/50/591721.png, @ ,2/28/2026
Tyler Herro,SG,MIA,HOU,3.5,0.5,3.8,7.1,15.4,31,31,0.3,20.58,4.5,0.5,2,32.455,32.23,32.23,32.23,No,2.2,226.3,,,,,,12900,https://dkn.gs/sports/images/nba/players/50/33164.png, @ ,2/28/2026
Jordan Poole,SG,NOP,UTA,2.5,0,2.1,5.9,13.4,27.5,26,0.4,12.88,2.5,0.5,1.9,19.805,19.23,19.23,19.23,Yes,-5.9,245.9,,,,,,4000,https://dkn.gs/sports/images/nba/players/50/33061.png, @ ,2/28/2026
Brandin Podziemski,SG,GSW,LAL,4.5,0.5,4.2,5,11.2,27.3,27,1,15.5,5.92,1.5,1.6,32.85,33.754,33.754,33.754,No,4.1,229.7,,,,,,7100,https://dkn.gs/sports/images/nba/players/50/713772.png, @ ,2/28/2026
Tre Johnson,SG,WAS,TOR,1.5,0.5,2.6,5.4,12.9,21.9,26,0.5,12.13,2.5,0.5,1.5,18.755,18.88,18.88,18.88,No,13.6,229.6,,,,,,5200,https://dkn.gs/sports/images/nba/players/50/905555.png, @ ,2/28/2026
Moses Moody,SG,GSW,LAL,2.07,0.5,2.4,4.9,10.5,21.6,25,0.8,14.5,3.5,0.5,1,23.48,23.805,23.805,23.805,No,4.1,229.7,,,,,,6400,https://dkn.gs/sports/images/nba/players/50/591015.png, @ ,2/28/2026
Pelle Larsson,SG,MIA,HOU,3.5,0.5,2.6,3.8,7.8,20.5,28,0.7,11.17,3.64,0.5,0,22.97,23.788,23.788,23.788,No,2.2,226.3,,,,,,8100,https://dkn.gs/sports/images/nba/players/50/800659.png, @ ,2/28/2026
Marcus Smart,SG,LAL,GSW,2.5,0.5,1.8,2.4,5.9,14,23,0.4,6.74,2.5,1.5,1.4,16.915,18.09,18.09,18.09,Yes,-4.1,229.7,,,,,,4500,https://dkn.gs/sports/images/nba/players/50/32870.png, @ ,2/28/2026
Svi Mykhailiuk,SG,UTA,NOP,1.6,0.1,1.7,3.2,6.4,13.7,20,0.4,8.7,2.1,0.4,0.9,14.275,14.22,14.22,14.22,No,5.9,245.9,,,,,,3300,https://dkn.gs/sports/images/nba/players/50/33045.png, @ ,2/28/2026
Luke Kennard,SG,LAL,GSW,1.5,0,1.7,2.2,4.1,11.5,19,0.3,6.5,2.5,0.5,0.7,12.525,12.55,12.55,12.55,Yes,-4.1,229.7,,,,,,3500,https://dkn.gs/sports/images/nba/players/50/33042.png, @ ,2/28/2026
Josh Okogie,SG,HOU,MIA,0.9,0,1.9,2,4.6,11.4,18,1.1,5.86,3.5,0.5,0.5,12.335,12.41,12.41,12.41,Yes,-2.2,226.3,,,,,,5100,https://dkn.gs/sports/images/nba/players/50/33200.png, @ ,2/28/2026
Ja`Kobe Walter,SG,TOR,WAS,1.1,0.2,1.8,2.1,4.8,11.4,18,0.9,6.1,2.7,0.8,0.5,12.875,13.49,13.49,13.49,Yes,-13.6,229.6,,,,,,,,,
John Konchar,SG,UTA,NOP,2.5,0.5,2.7,1.4,3,11.1,17,0.9,5.5,4.5,0,0.6,15.575,15.55,15.55,15.55,No,5.9,245.9,,,,,,4300,https://dkn.gs/sports/images/nba/players/50/33149.png, @ ,2/28/2026
Jaden Hardy,SG,WAS,TOR,1.2,0.1,1.5,2.6,7.2,10.9,14,0.2,7.6,1.7,0.3,1.2,11.725,11.44,11.44,11.44,No,13.6,229.6,,,,,,4100,https://dkn.gs/sports/images/nba/players/50/649607.png, @ ,2/28/2026
Dru Smith,SG,MIA,HOU,1.8,0.2,1.1,1.3,3.3,9.9,13,0.5,4,1.5,1.2,0.6,11.075,12.1,12.1,12.1,No,2.2,226.3,,,,,,3900,https://dkn.gs/sports/images/nba/players/50/591849.png, @ ,2/28/2026
EJ Harkless,SG,UTA,NOP,1.7,0.1,1.2,0.9,2.5,8.5,12,0.2,3.1,1.4,1,0.6,9.3,10.03,10.03,10.03,No,5.9,245.9,,,,,,3400,https://dkn.gs/sports/images/nba/players/50/803416.png, @ ,2/28/2026
Luka Doncic,SF,LAL,GSW,8.5,0.5,7.5,9.6,20.2,51.7,36,0.7,31.48,7.5,1.5,4.2,55.505,55.03,55.03,55.03,Yes,-4.1,229.7,,,,,,11800,https://dkn.gs/sports/images/nba/players/50/33005.png, @ ,2/28/2026
Kevin Durant,SF,HOU,MIA,4.33,0.5,5.8,9.6,19,40.5,35,0.5,26.29,5.69,0.5,0,41.8975,42.613,42.613,42.613,Yes,-2.2,226.3,,,,,,15300,https://dkn.gs/sports/images/nba/players/50/32896.png, @ ,2/28/2026
Scottie Barnes,SF,TOR,WAS,5.5,1.5,6.6,7.6,15.2,40.3,34,2.3,17.71,8.5,1.5,2.5,41.335,42.66,42.66,42.66,Yes,-13.6,229.6,,,,,,9300,https://dkn.gs/sports/images/nba/players/50/590987.png, @ ,2/28/2026
LeBron James,SF,LAL,GSW,6.21,0.5,5.6,8,15.8,39.7,34,0.7,19.13,5.5,1.5,3.4,37.62,37.645,37.645,37.645,Yes,-4.1,229.7,,,,,,8300,https://dkn.gs/sports/images/nba/players/50/33114.png, @ ,2/28/2026
Brandon Ingram,SF,TOR,WAS,3.5,0.5,5.2,8.4,17.2,36.2,34,0.9,22.01,5.5,0.5,2.2,35.035,34.66,34.66,34.66,Yes,-13.6,229.6,,,,,,8800,https://dkn.gs/sports/images/nba/players/50/33215.png, @ ,2/28/2026
RJ Barrett,SF,TOR,WAS,4,0.4,5,6.8,14.4,31.8,30,1.2,18.6,6.1,0.7,1.9,33.475,33.32,33.32,33.32,Yes,-13.6,229.6,,,,,,7000,https://dkn.gs/sports/images/nba/players/50/33244.png, @ ,2/28/2026
Saddiq Bey,SF,NOP,UTA,2.82,0.5,4.3,6.6,13.7,30.5,31,1.6,20.01,5.5,0.5,1,32.615,32.84,32.84,32.84,Yes,-5.9,245.9,,,,,,6900,https://dkn.gs/sports/images/nba/players/50/527228.png, @ ,2/28/2026
Kyshawn George,SF,WAS,TOR,2.5,0.5,4.4,5,12.2,26.9,28,0.9,10.5,3.5,0.5,2.8,19.225,18.65,18.65,18.65,No,13.6,229.6,,,,,,6800,https://dkn.gs/sports/images/nba/players/50/800401.png, @ ,2/28/2026
Jaime Jaquez Jr,SF,MIA,HOU,3.5,0,3.5,5.6,11.6,25.7,30,1,13.68,4.5,0.5,0,25.555,25.83,25.83,25.83,No,2.2,226.3,,,,,,,,,
Ace Bailey,SF,UTA,NOP,1.5,0.5,3.4,6.7,14.1,25.7,35,1.7,16.5,4.5,0.5,1.7,25.525,25.45,25.45,25.45,No,5.9,245.9,,,,,,6000,https://dkn.gs/sports/images/nba/players/50/905554.png, @ ,2/28/2026
Andrew Wiggins,SF,MIA,HOU,2.5,0.5,2.9,5.7,12.4,24.7,30,1.1,15.64,4.5,1.5,1.5,28.265,29.29,29.29,29.29,No,2.2,226.3,,,,,,9300,https://dkn.gs/sports/images/nba/players/50/33191.png, @ ,2/28/2026
Brice Sensabaugh,SF,UTA,NOP,1.5,0,3.1,5.8,12.1,23.3,28,0.7,16.74,3.5,0.5,1.8,23.465,22.89,22.89,22.89,No,5.9,245.9,,,,,,5600,https://dkn.gs/sports/images/nba/players/50/713780.png, @ ,2/28/2026
Bilal Coulibaly,SF,WAS,TOR,2.17,0.5,3.8,3.7,9.5,21.5,28,1,9.5,3.5,1.5,1.8,20.23,21.155,21.155,21.155,No,13.6,229.6,,,,,,4500,https://dkn.gs/sports/images/nba/players/50/713760.png, @ ,2/28/2026
Herbert Jones,SF,NOP,UTA,3.1,0.4,2.7,3.9,8.9,21.5,30,0.8,10.7,3.5,2,1.5,23.775,25.25,25.25,25.25,Yes,-5.9,245.9,,,,,,4500,https://dkn.gs/sports/images/nba/players/50/591040.png, @ ,2/28/2026
Gui Santos,SF,GSW,LAL,3.5,0.5,3,4.3,7.7,21.3,22,1.2,13.71,5.5,1.5,1.6,29.035,29.96,29.96,29.96,No,4.1,229.7,,,,,,6600,https://dkn.gs/sports/images/nba/players/50/649707.png, @ ,2/28/2026
Justin Champagnie,SF,WAS,TOR,1.2,0.7,4,3.3,6.8,17.8,20,2,8.7,6,1,0.9,20.95,21.9,21.9,21.9,No,13.6,229.6,,,,,,5000,https://dkn.gs/sports/images/nba/players/50/591152.png, @ ,2/28/2026
Will Riley,SF,WAS,TOR,2.5,0,2.3,3.7,9.2,17.5,22,1.1,12.5,4.5,0,1.4,21.175,20.25,20.25,20.25,No,13.6,229.6,,,,,,5300,https://dkn.gs/sports/images/nba/players/50/905571.png, @ ,2/28/2026
Jamir Watkins,SF,WAS,TOR,1,0.7,3.3,2.8,6.7,14.7,21,1.1,7.4,4.4,0.8,0.8,17,17.88,17.88,17.88,No,13.6,229.6,,,,,,4400,https://dkn.gs/sports/images/nba/players/50/906350.png, @ ,2/28/2026
Cody Williams,SF,UTA,NOP,1.5,0.5,2.3,3.3,7.1,14.3,28,0.9,8.5,2.97,0.5,1.1,15.9125,16.214,16.214,16.214,No,5.9,245.9,,,,,,4100,https://dkn.gs/sports/images/nba/players/50/800356.png, @ ,2/28/2026
Dorian Finney-Smith,SF,HOU,MIA,1.2,0,2.7,2.3,5.7,12.7,23,1.2,5.5,2.5,0,1,9.925,9.3,9.3,9.3,Yes,-2.2,226.3,,,,,,4200,https://dkn.gs/sports/images/nba/players/50/33001.png, @ ,2/28/2026
Bryce McGowens,SF,NOP,UTA,1.5,0,1.6,2.6,5.1,12.7,18,0.3,9.5,2.5,0,0.4,14.675,14.35,14.35,14.35,Yes,-5.9,245.9,,,,,,3400,https://dkn.gs/sports/images/nba/players/50/649583.png, @ ,2/28/2026
Simone Fontecchio,SF,MIA,HOU,0.9,0.1,1.5,2,4.9,9.8,14,0.5,5.9,2,0.5,0.5,10.7,10.95,10.95,10.95,No,2.2,226.3,,,,,,3300,https://dkn.gs/sports/images/nba/players/50/583104.png, @ ,2/28/2026
Gradey Dick,SF,TOR,WAS,0.6,0.1,1.4,1.8,4.5,8.7,14,0.5,5.3,2,0.6,0.5,9.85,10.2,10.2,10.2,Yes,-13.6,229.6,,,,,,3400,https://dkn.gs/sports/images/nba/players/50/713766.png, @ ,2/28/2026
Jarred Vanderbilt,SF,LAL,GSW,0.8,0.3,2.5,1.2,2.5,8.3,13,0.9,3,3.4,0.6,0.6,9.95,10.38,10.38,10.38,Yes,-4.1,229.7,,,,,,3300,https://dkn.gs/sports/images/nba/players/50/33027.png, @ ,2/28/2026
Myron Gardner,SF,MIA,HOU,0.7,0.1,1.4,1.1,2.2,6.6,8,0.5,3,1.9,0.4,0.2,7.325,7.63,7.63,7.63,No,2.2,226.3,,,,,,1800,https://dkn.gs/sports/images/nba/players/50/803244.png, @ ,2/28/2026
Jamison Battle,SF,TOR,WAS,0.4,0.1,1,1.1,2.1,4.9,8,0.4,2.9,1.4,0.1,0.3,5.5,5.48,5.48,5.48,Yes,-13.6,229.6,,,,,,3200,https://dkn.gs/sports/images/nba/players/50/803836.png, @ ,2/28/2026
Zion Williamson,PF,NOP,UTA,4.5,0.5,3.9,9.4,15.2,40.2,30,2,24.5,5.5,1.5,2.5,40.875,41.35,41.35,41.35,Yes,-5.9,245.9,,,,,,8500,https://dkn.gs/sports/images/nba/players/50/33223.png, @ ,2/28/2026
Bam Adebayo,PF,MIA,HOU,2.5,0.5,7,6.8,14.5,33.9,33,1.6,18.32,9.5,0.5,0,35.945,36.47,36.47,36.47,No,2.2,226.3,,,,,,15000,https://dkn.gs/sports/images/nba/players/50/33161.png, @ ,2/28/2026
Derik Queen,PF,NOP,UTA,3.5,0.5,5.6,5.1,9.7,28.7,26,1.6,12.26,6.5,1.5,2.4,28.435,28.91,28.91,28.91,Yes,-5.9,245.9,,,,,,6100,https://dkn.gs/sports/images/nba/players/50/905562.png, @ ,2/28/2026
Kyle Filipowski,PF,UTA,NOP,2.5,0.5,6.7,5.3,9.9,27.7,29,1.9,12.5,7.5,1.5,2.4,28.425,28.85,28.85,28.85,No,5.9,245.9,,,,,,7700,https://dkn.gs/sports/images/nba/players/50/800651.png, @ ,2/28/2026
Draymond Green,PF,GSW,LAL,4.5,0.5,4.5,3.3,7.7,23.9,25,0.7,8.5,5.5,0.5,2.4,22.925,22.45,22.45,22.45,No,4.1,229.7,,,,,,5600,https://dkn.gs/sports/images/nba/players/50/33052.png, @ ,2/28/2026
Tari Eason,PF,HOU,MIA,1.5,0.5,5.1,4.9,10.7,23.3,26,1.8,14.11,6.78,1.5,1.7,27.985,28.796,28.796,28.796,Yes,-2.2,226.3,,,,,,10500,https://dkn.gs/sports/images/nba/players/50/649566.png, @ ,2/28/2026
Kristaps Porzingis,PF,GSW,LAL,1.9,0,3.1,4.9,10.3,22.8,20,1,11.5,3.5,0,1.2,18.125,17.35,17.35,17.35,No,4.1,229.7,,,,,,5800,https://dkn.gs/sports/images/nba/players/50/32998.png, @ ,2/28/2026
Collin Murray-Boyles,PF,TOR,WAS,2.1,0.9,2.8,3.3,5.7,18.6,23,2.8,8,5.6,0.9,1,21.25,22.27,22.27,22.27,Yes,-13.6,229.6,,,,,,5500,https://dkn.gs/sports/images/nba/players/50/905558.png, @ ,2/28/2026
Rui Hachimura,PF,LAL,GSW,0.9,0.3,3.1,4.4,8.6,17.1,29,0.7,11.4,3.7,0.6,0.7,18.825,19.19,19.19,19.19,Yes,-4.1,229.7,,,,,,4300,https://dkn.gs/sports/images/nba/players/50/32883.png, @ ,2/28/2026
Kevin Love,PF,UTA,NOP,1.3,0.2,3.2,1.7,4.1,11.6,11,0.8,5.2,4,0.3,0.6,12.85,12.85,12.85,12.85,No,5.9,245.9,,,,,,3800,https://dkn.gs/sports/images/nba/players/50/32978.png, @ ,2/28/2026
Jake LaRavia,PF,LAL,GSW,1.3,0,1.9,2.1,4.4,11.5,19,0.8,6.5,3.17,0,0.8,12.0125,11.454,11.454,11.454,Yes,-4.1,229.7,,,,,,3800,https://dkn.gs/sports/images/nba/players/50/649568.png, @ ,2/28/2026
Trayce Jackson-Davis,PF,TOR,WAS,0.8,0.5,1.8,2,3.2,10,10,1.4,4.7,3.2,0.3,0.4,11.3,11.74,11.74,11.74,Yes,-13.6,229.6,,,,,,3200,https://dkn.gs/sports/images/nba/players/50/713808.png, @ ,2/28/2026
Anthony Gill,PF,WAS,TOR,0.9,0.5,1.8,1.7,3.2,8.9,12,0.9,7.5,5.5,0,0.6,16.425,16.35,16.35,16.35,No,13.6,229.6,,,,,,4500,https://dkn.gs/sports/images/nba/players/50/529622.png, @ ,2/28/2026
Drew Timme,PF,LAL,GSW,0.6,0,0.9,1.3,2.4,5.5,8,0.4,3.1,1.3,0.2,0.4,5.825,5.76,5.76,5.76,Yes,-4.1,229.7,,,,,,3000,https://dkn.gs/sports/images/nba/players/50/713826.png, @ ,2/28/2026
Alperen Sengun,C,HOU,MIA,6.25,0.5,7.5,8.8,17.2,44.6,33,3,19.09,9.5,1.5,2.5,43.09,43.365,43.365,43.365,Yes,-2.2,226.3,,,,,,16500,https://dkn.gs/sports/images/nba/players/50/591017.png, @ ,2/28/2026
Jakob Poeltl,C,TOR,WAS,1.5,0.5,5.5,5,7.4,25.4,26,3.2,10.5,7.91,0.5,1.4,23.9375,23.842,23.842,23.842,Yes,-13.6,229.6,,,,,,4300,https://dkn.gs/sports/images/nba/players/50/33361.png, @ ,2/28/2026
Tristan Vukcevic,C,WAS,TOR,1.5,0.5,3.9,4.7,10.4,21.7,20,1,11.12,5.22,0.5,2.1,20.845,20.534,20.534,20.534,No,13.6,229.6,,,,,,4900,https://dkn.gs/sports/images/nba/players/50/713794.png, @ ,2/28/2026
Al Horford,C,GSW,LAL,3.5,0,4.3,3.7,8.2,21.6,25,1.1,9,5.24,0,1.1,20.25,19.438,19.438,19.438,No,4.1,229.7,,,,,,5700,https://dkn.gs/sports/images/nba/players/50/33285.png, @ ,2/28/2026
Deandre Ayton,C,LAL,GSW,0.5,0.5,5.9,5.1,7.7,21.4,26,2,10.09,8.02,0.5,1.2,22.265,22.264,22.264,22.264,Yes,-4.1,229.7,,,,,,5000,https://dkn.gs/sports/images/nba/players/50/33312.png, @ ,2/28/2026
Yves Missi,C,NOP,UTA,1.6,1.3,3.9,3.3,5.7,19,25,3.2,7.9,7.1,0.5,0.9,22.325,23.32,23.32,23.32,Yes,-5.9,245.9,,,,,,4000,https://dkn.gs/sports/images/nba/players/50/800377.png, @ ,2/28/2026
Kel`El Ware,C,MIA,HOU,0.5,0.8,4.7,3.7,7.1,17.4,19,1.8,9,6.5,0.7,0.7,20.525,21.35,21.35,21.35,No,2.2,226.3,,,,,,,,,
Quinten Post,C,GSW,LAL,1.6,0.4,3,3.2,7.1,15.7,17,0.8,8.8,3.8,0.4,0.7,17.2,17.46,17.46,17.46,No,4.1,229.7,,,,,,4200,https://dkn.gs/sports/images/nba/players/50/800666.png, @ ,2/28/2026
Sandro Mamukelashvili,C,TOR,WAS,1.5,0.5,2.4,2.5,4.8,12.9,14,1.2,10.5,4.5,0.5,0.4,20.175,20.75,20.75,20.75,Yes,-13.6,229.6,,,,,,5100,https://dkn.gs/sports/images/nba/players/50/591058.png, @ ,2/28/2026
Clint Capela,C,HOU,MIA,0.6,0,3.4,2.2,4,12.6,13,2.1,4.5,5.5,0.5,0.5,13.025,13,13,13,Yes,-2.2,226.3,,,,,,3000,https://dkn.gs/sports/images/nba/players/50/33076.png, @ ,2/28/2026
Karlo Matkovic,C,NOP,UTA,0.9,0.7,2.7,2.5,3.8,12.4,14,1,6.3,3.7,0.5,0.5,14.425,15.19,15.19,15.19,Yes,-5.9,245.9,,,,,,3600,https://dkn.gs/sports/images/nba/players/50/649705.png, @ ,2/28/2026
Jaxson Hayes,C,LAL,GSW,0.7,0,2.2,2.2,2.9,10.5,15,1.1,5.5,3.5,0,0.4,10.725,10.35,10.35,10.35,Yes,-4.1,229.7,,,,,,4200,https://dkn.gs/sports/images/nba/players/50/33224.png, @ ,2/28/2026
DeAndre Jordan,C,NOP,UTA,0.5,0.5,3.4,1.6,2.3,10.4,13,1.5,4.5,6.26,0,0.7,13.725,13.562,13.562,13.562,Yes,-5.9,245.9,,,,,,3800,https://dkn.gs/sports/images/nba/players/50/32899.png, @ ,2/28/2026
Jabari Smith Jr.,CPT,HOU,MIA,,,,,,,,,,,,,,,,,Yes,-2.2,226.3,,,,,,11700,https://dkn.gs/sports/images/nba/players/50/649546.png, @ ,2/28/2026
Norman Powell,CPT,MIA,HOU,,,,,,,,,,,,,,,,,No,2.2,226.3,,,,,,11100,https://dkn.gs/sports/images/nba/players/50/33377.png, @ ,2/28/2026
Kel'el Ware,CPT,MIA,HOU,,0.5,,,,,,,8,6.5,0.5,,18.125,18.8,18.8,18.8,No,2.2,226.3,,,,,,7200,https://dkn.gs/sports/images/nba/players/50/800371.png, @ ,2/28/2026
Nikola Jovic,CPT,MIA,HOU,,,,,,,,,,,,,,,,,No,2.2,226.3,,,,,,2700,https://dkn.gs/sports/images/nba/players/50/649597.png, @ ,2/28/2026
Jae'Sean Tate,CPT,HOU,MIA,,,,,,,,,,,,,,,,,Yes,-2.2,226.3,,,,,,2400,https://dkn.gs/sports/images/nba/players/50/58862.png, @ ,2/28/2026
Aaron Holiday,CPT,HOU,MIA,,,,,,,,,,,,,,,,,Yes,-2.2,226.3,,,,,,2100,https://dkn.gs/sports/images/nba/players/50/33095.png, @ ,2/28/2026
Isaiah Crawford,CPT,HOU,MIA,,,,,,,,,,,,,,,,,Yes,-2.2,226.3,,,,,,1500,https://dkn.gs/sports/images/nba/players/50/800673.png, @ ,2/28/2026
Tristen Newton,CPT,HOU,MIA,,,,,,,,,,,,,,,,,Yes,-2.2,226.3,,,,,,1500,https://dkn.gs/sports/images/nba/players/50/800664.png, @ ,2/28/2026
Vladislav Goldin,CPT,MIA,HOU,,,,,,,,,,,,,,,,,No,2.2,226.3,,,,,,1500,https://dkn.gs/sports/images/nba/players/50/906405.png, @ ,2/28/2026
Jeff Green,CPT,HOU,MIA,,,,,,,,,,,,,,,,,Yes,-2.2,226.3,,,,,,1500,https://dkn.gs/sports/images/nba/players/50/33390.png, @ ,2/28/2026
Keshad Johnson,CPT,MIA,HOU,,,,,,,,,,,,,,,,,No,2.2,226.3,,,,,,1500,https://dkn.gs/sports/images/nba/players/50/800672.png, @ ,2/28/2026
Jahmir Young,CPT,MIA,HOU,,,,,,,,,,,,,,,,,No,2.2,226.3,,,,,,1500,https://dkn.gs/sports/images/nba/players/50/803683.png, @ ,2/28/2026
Trevor Keels,CPT,MIA,HOU,,,,,,,,,,,,,,,,,No,2.2,226.3,,,,,,1500,https://dkn.gs/sports/images/nba/players/50/649585.png, @ ,2/28/2026
Fred VanVleet,CPT,HOU,MIA,,,,,,,,,,,,,,,,,Yes,-2.2,226.3,,,,,,1500,https://dkn.gs/sports/images/nba/players/50/33381.png, @ ,2/28/2026
Steven Adams,CPT,HOU,MIA,,,,,,,,,,,,,,,,,Yes,-2.2,226.3,,,,,,1500,https://dkn.gs/sports/images/nba/players/50/33250.png, @ ,2/28/2026
Stephen Curry,PG,GSW,LAL,,,,,,,,,,,,,,,,,No,4.1,229.7,,,,,,9200,https://dkn.gs/sports/images/nba/players/50/33049.png, @ ,2/28/2026
Trae Young,PG,WAS,TOR,,,,,,,,,,,,,,,,,No,13.6,229.6,,,,,,8600,https://dkn.gs/sports/images/nba/players/50/32850.png, @ ,2/28/2026
Lauri Markkanen,PF,UTA,NOP,,,,,,,,,,,,,,,,,No,5.9,245.9,,,,,,8400,https://dkn.gs/sports/images/nba/players/50/32970.png, @ ,2/28/2026
Trey Murphy III,PG/SG,NOP,UTA,,,,,,,,,,,,,,,,,Yes,-5.9,245.9,,,,,,8200,https://dkn.gs/sports/images/nba/players/50/591022.png, @ ,2/28/2026
Alexandre Sarr,C,WAS,TOR,,,,,,,,,,,,,,,,,No,13.6,229.6,,,,,,7500,https://dkn.gs/sports/images/nba/players/50/800353.png, @ ,2/28/2026
Dejounte Murray,PG,NOP,UTA,,,,,,,,,,,,,,,,,Yes,-5.9,245.9,,,,,,6300,https://dkn.gs/sports/images/nba/players/50/33362.png, @ ,2/28/2026
De'Anthony Melton,PG/SG,GSW,LAL,2.5,0.5,,,,,,,16.46,3.5,1.5,,28.585,30.41,30.41,30.41,No,4.1,229.7,,,,,,5900,https://dkn.gs/sports/images/nba/players/50/33145.png, @ ,2/28/2026
Bub Carrington,PG,WAS,TOR,,,,,,,,,,,,,,,,,No,13.6,229.6,,,,,,5400,https://dkn.gs/sports/images/nba/players/50/800372.png, @ ,2/28/2026
Alondes Williams,SG,WAS,TOR,,,,,,,,,,,,,,,,,No,13.6,229.6,,,,,,4600,https://dkn.gs/sports/images/nba/players/50/649603.png, @ ,2/28/2026
Ja'Kobe Walter,PG/SG,TOR,WAS,,0,,,,,,,7.14,3.5,1.5,0.5,14.265,15.34,15.34,15.34,Yes,-13.6,229.6,,,,,,4400,https://dkn.gs/sports/images/nba/players/50/800375.png, @ ,2/28/2026
Mo Bamba,C,UTA,NOP,,,,,,,,,,,,,,,,,No,5.9,245.9,,,,,,3900,https://dkn.gs/sports/images/nba/players/50/33279.png, @ ,2/28/2026
Sharife Cooper,PG,WAS,TOR,,,,,,,,,,,,,,,,,No,13.6,229.6,,,,,,3700,https://dkn.gs/sports/images/nba/players/50/591052.png, @ ,2/28/2026
Leaky Black,SF/PF,WAS,TOR,,,,,,,,,,,,,,,,,No,13.6,229.6,,,,,,3600,https://dkn.gs/sports/images/nba/players/50/717406.png, @ ,2/28/2026
Malevy Leons,PF,GSW,LAL,,,,,,,,,,,,,,,,,No,4.1,229.7,,,,,,3500,https://dkn.gs/sports/images/nba/players/50/801004.png, @ ,2/28/2026
Blake Hinson,PF,UTA,NOP,,,,,,,,,,,,,,,,,No,5.9,245.9,,,,,,3200,https://dkn.gs/sports/images/nba/teams/50/32959.png, @ ,2/28/2026
Oscar Tshiebwe,C,UTA,NOP,,,,,,,,,,,,,,,,,No,5.9,245.9,,,,,,3100,https://dkn.gs/sports/images/nba/players/50/713860.png, @ ,2/28/2026
Jaren Jackson Jr.,C,UTA,NOP,,,,,,,,,,,,,,,,,No,5.9,245.9,,,,,,3000,https://dkn.gs/sports/images/nba/players/50/33142.png, @ ,2/28/2026
Dalton Knecht,SG/SF,LAL,GSW,,,,,,,,,,,,,,,,,Yes,-4.1,229.7,,,,,,3000,https://dkn.gs/sports/images/nba/players/50/800374.png, @ ,2/28/2026
Micah Peavy,SF/PF,NOP,UTA,,,,,,,,,,,,,,,,,Yes,-5.9,245.9,,,,,,3000,https://dkn.gs/sports/images/nba/players/50/906347.png, @ ,2/28/2026
Jusuf Nurkic,C,UTA,NOP,,,,,,,,,,,,,,,,,No,5.9,245.9,,,,,,3000,https://dkn.gs/sports/images/nba/players/50/33325.png, @ ,2/28/2026
Vince Williams Jr.,PG,UTA,NOP,,,,,,,,,,,,,,,,,No,5.9,245.9,,,,,,3000,https://dkn.gs/sports/images/nba/players/50/649702.png, @ ,2/28/2026
Jimmy Butler,PF,GSW,LAL,,,,,,,,,,,,,,,,,No,4.1,229.7,,,,,,3000,https://dkn.gs/sports/images/nba/players/50/33155.png, @ ,2/28/2026
Jordan Hawkins,SG/SF,NOP,UTA,,,,,,,,,,,,,,,,,Yes,-5.9,245.9,,,,,,3000,https://dkn.gs/sports/images/nba/players/50/713767.png, @ ,2/28/2026
Maxi Kleber,C,LAL,GSW,,,,,,,,,,,,,,,,,Yes,-4.1,229.7,,,,,,3000,https://dkn.gs/sports/images/nba/players/50/33003.png, @ ,2/28/2026
Bronny James,PG/SG,LAL,GSW,,,,,,,,,,,,,,,,,Yes,-4.1,229.7,,,,,,3000,https://dkn.gs/sports/images/nba/players/50/800667.png, @ ,2/28/2026
Nick Smith Jr.,PG/SF,LAL,GSW,,,,,,,,,,,,,,,,,Yes,-4.1,229.7,,,,,,3000,https://dkn.gs/sports/images/nba/players/50/713779.png, @ ,2/28/2026
D'Angelo Russell,PG,WAS,TOR,,,,,,,,,,,,,,,,,No,13.6,229.6,,,,,,3000,https://dkn.gs/sports/images/nba/players/50/33054.png, @ ,2/28/2026
Jonathan Mogbo,PF/C,TOR,WAS,,,,,,,,,,,,,,,,,Yes,-13.6,229.6,,,,,,3000,https://dkn.gs/sports/images/nba/players/50/800650.png, @ ,2/28/2026
Cam Whitmore,SF,WAS,TOR,,,,,,,,,,,,,,,,,No,13.6,229.6,,,,,,3000,https://dkn.gs/sports/images/nba/players/50/713773.png, @ ,2/28/2026
Anthony Davis,C,WAS,TOR,,,,,,,,,,,,,,,,,No,13.6,229.6,,,,,,3000,https://dkn.gs/sports/images/nba/players/50/33122.png, @ ,2/28/2026
Kevon Looney,C,NOP,UTA,,,,,,,,,,,,,,,,,Yes,-5.9,245.9,,,,,,3000,https://dkn.gs/sports/images/nba/players/50/33056.png, @ ,2/28/2026
Adou Thiero,PF,LAL,GSW,,,,,,,,,,,,,,,,,Yes,-4.1,229.7,,,,,,3000,https://dkn.gs/sports/images/nba/players/50/906341.png, @ ,2/28/2026
Garrett Temple,SG/SF,TOR,WAS,,,,,,,,,,,,,,,,,Yes,-13.6,229.6,,,,,,3000,https://dkn.gs/sports/images/nba/players/50/32900.png, @ ,2/28/2026
Alijah Martin,SG,TOR,WAS,,,,,,,,,,,,,,,,,Yes,-13.6,229.6,,,,,,3000,https://dkn.gs/sports/images/nba/players/50/906345.png, @ ,2/28/2026
AJ Lawson,PG/SF,TOR,WAS,,,,,,,,,,,,,,,,,Yes,-13.6,229.6,,,,,,3000,https://dkn.gs/sports/images/nba/players/50/591149.png, @ ,2/28/2026
Kobe Bufkin,PG,LAL,GSW,,,,,,,,,,,,,,,,,Yes,-4.1,229.7,,,,,,3000,https://dkn.gs/sports/images/nba/players/50/713768.png, @ ,2/28/2026
Chris Manon,SF,LAL,GSW,,,,,,,,,,,,,,,,,Yes,-4.1,229.7,,,,,,3000,https://dkn.gs/sports/images/nba/players/50/909200.png, @ ,2/28/2026
Walker Kessler,C,UTA,NOP,,,,,,,,,,,,,,,,,No,5.9,245.9,,,,,,3000,https://dkn.gs/sports/images/nba/players/50/649571.png, @ ,2/28/2026
Trey Alexander,PG/SG,NOP,UTA,,,,,,,,,,,,,,,,,Yes,-5.9,245.9,,,,,,3000,https://dkn.gs/sports/images/nba/players/50/800671.png, @ ,2/28/2026
L.J. Cryer,PG,GSW,LAL,,,,,,,,,,,,,,,,,No,4.1,229.7,,,,,,3000,https://dkn.gs/sports/images/nba/players/50/906424.png, @ ,2/28/2026
Chucky Hepburn,PG,TOR,WAS,,,,,,,,,,,,,,,,,Yes,-13.6,229.6,,,,,,3000,https://dkn.gs/sports/images/nba/players/50/906400.png, @ ,2/28/2026
Seth Curry,PG,GSW,LAL,,,,,,,,,,,,,,,,,No,4.1,229.7,,,,,,3000,https://dkn.gs/sports/images/nba/players/50/32996.png, @ ,2/28/2026
Hunter Dickinson,C,NOP,UTA,,,,,,,,,,,,,,,,,Yes,-5.9,245.9,,,,,,3000,https://dkn.gs/sports/images/nba/players/50/906409.png, @ ,2/28/2026
Nate Williams,SF,GSW,LAL,,,,,,,,,,,,,,,,,No,4.1,229.7,,,,,,3000,https://dkn.gs/sports/images/nba/players/50/651611.png, @ ,2/28/2026
Victor Wembanyama,CPT,SAS,NYK,,,,,,,,,,,,,,,,,Yes,-1.5,228.5,,,,,,18000,https://dkn.gs/sports/images/nba/players/50/713754.png, @ ,3/1/2026
Jalen Brunson,CPT,NYK,SAS,,,,,,,,,,,,,,,,,No,1.5,228.5,,,,,,15600,https://dkn.gs/sports/images/nba/players/50/33006.png, @ ,3/1/2026
Karl-Anthony Towns,CPT,NYK,SAS,,,,,,,,,,,,,,,,,No,1.5,228.5,,,,,,15000,https://dkn.gs/sports/images/nba/players/50/33194.png, @ ,3/1/2026
Stephon Castle,CPT,SAS,NYK,,,,,,,,,,,,,,,,,Yes,-1.5,228.5,,,,,,13500,https://dkn.gs/sports/images/nba/players/50/800351.png, @ ,3/1/2026
De'Aaron Fox,CPT,SAS,NYK,,,,,,,,,,,,,,,,,Yes,-1.5,228.5,,,,,,12600,https://dkn.gs/sports/images/nba/players/50/33343.png, @ ,3/1/2026
OG Anunoby,CPT,NYK,SAS,,,,,,,,,,,,,,,,,No,1.5,228.5,,,,,,11700,https://dkn.gs/sports/images/nba/players/50/33382.png, @ ,3/1/2026
Josh Hart,CPT,NYK,SAS,,,,,,,,,,,,,,,,,No,1.5,228.5,,,,,,11100,https://dkn.gs/sports/images/nba/players/50/33217.png, @ ,3/1/2026
Mikal Bridges,CPT,NYK,SAS,,,,,,,,,,,,,,,,,No,1.5,228.5,,,,,,10500,https://dkn.gs/sports/images/nba/players/50/33313.png, @ ,3/1/2026
Devin Vassell,CPT,SAS,NYK,,,,,,,,,,,,,,,,,Yes,-1.5,228.5,,,,,,9600,https://dkn.gs/sports/images/nba/players/50/527223.png, @ ,3/1/2026
Julian Champagnie,CPT,SAS,NYK,,,,,,,,,,,,,,,,,Yes,-1.5,228.5,,,,,,8100,https://dkn.gs/sports/images/nba/players/50/650222.png, @ ,3/1/2026
Dylan Harper,CPT,SAS,NYK,,,,,,,,,,,,,,,,,Yes,-1.5,228.5,,,,,,7500,https://dkn.gs/sports/images/nba/players/50/905517.png, @ ,3/1/2026
Keldon Johnson,CPT,SAS,NYK,,,,,,,,,,,,,,,,,Yes,-1.5,228.5,,,,,,6900,https://dkn.gs/sports/images/nba/players/50/33369.png, @ ,3/1/2026
Luke Kornet,CPT,SAS,NYK,,,,,,,,,,,,,,,,,Yes,-1.5,228.5,,,,,,6300,https://dkn.gs/sports/images/nba/players/50/32971.png, @ ,3/1/2026
Mitchell Robinson,CPT,NYK,SAS,,,,,,,,,,,,,,,,,No,1.5,228.5,,,,,,6000,https://dkn.gs/sports/images/nba/players/50/33242.png, @ ,3/1/2026
Landry Shamet,CPT,NYK,SAS,,,,,,,,,,,,,,,,,No,1.5,228.5,,,,,,5400,https://dkn.gs/sports/images/nba/players/50/33111.png, @ ,3/1/2026
Jose Alvarado,CPT,NYK,SAS,,,,,,,,,,,,,,,,,No,1.5,228.5,,,,,,5100,https://dkn.gs/sports/images/nba/players/50/591175.png, @ ,3/1/2026
Harrison Barnes,CPT,SAS,NYK,,,,,,,,,,,,,,,,,Yes,-1.5,228.5,,,,,,4200,https://dkn.gs/sports/images/nba/players/50/33337.png, @ ,3/1/2026
Jeremy Sochan,CPT,NYK,SAS,,,,,,,,,,,,,,,,,No,1.5,228.5,,,,,,3000,https://dkn.gs/sports/images/nba/players/50/649556.png, @ ,3/1/2026
Ariel Hukporti,CPT,NYK,SAS,,,,,,,,,,,,,,,,,No,1.5,228.5,,,,,,2400,https://dkn.gs/sports/images/nba/players/50/800801.png, @ ,3/1/2026
Mohamed Diawara,CPT,NYK,SAS,,,,,,,,,,,,,,,,,No,1.5,228.5,,,,,,1500,https://dkn.gs/sports/images/nba/players/50/906387.png, @ ,3/1/2026
Pacome Dadiet,CPT,NYK,SAS,,,,,,,,,,,,,,,,,No,1.5,228.5,,,,,,1500,https://dkn.gs/sports/images/nba/players/50/800410.png, @ ,3/1/2026
Trey Jemison,CPT,NYK,SAS,,,,,,,,,,,,,,,,,No,1.5,228.5,,,,,,1500,https://dkn.gs/sports/images/nba/players/50/717494.png, @ ,3/1/2026
Bismack Biyombo,CPT,SAS,NYK,,,,,,,,,,,,,,,,,Yes,-1.5,228.5,,,,,,1500,https://dkn.gs/sports/images/nba/players/50/32932.png, @ ,3/1/2026
Jordan Clarkson,CPT,NYK,SAS,,,,,,,,,,,,,,,,,No,1.5,228.5,,,,,,1500,https://dkn.gs/sports/images/nba/players/50/32983.png, @ ,3/1/2026
Emanuel Miller,CPT,SAS,NYK,,,,,,,,,,,,,,,,,Yes,-1.5,228.5,,,,,,1500,https://dkn.gs/sports/images/nba/players/50/803172.png, @ ,3/1/2026
Carter Bryant,CPT,SAS,NYK,,,,,,,,,,,,,,,,,Yes,-1.5,228.5,,,,,,1500,https://dkn.gs/sports/images/nba/players/50/905560.png, @ ,3/1/2026
Mason Plumlee,CPT,SAS,NYK,,,,,,,,,,,,,,,,,Yes,-1.5,228.5,,,,,,1500,https://dkn.gs/sports/images/nba/players/50/33015.png, @ ,3/1/2026
Kelly Olynyk,CPT,SAS,NYK,,,,,,,,,,,,,,,,,Yes,-1.5,228.5,,,,,,1500,https://dkn.gs/sports/images/nba/players/50/33158.png, @ ,3/1/2026
Lindy Waters III,CPT,SAS,NYK,,,,,,,,,,,,,,,,,Yes,-1.5,228.5,,,,,,1500,https://dkn.gs/sports/images/nba/players/50/627533.png, @ ,3/1/2026
Jordan McLaughlin,CPT,SAS,NYK,,,,,,,,,,,,,,,,,Yes,-1.5,228.5,,,,,,1500,https://dkn.gs/sports/images/nba/players/50/33203.png, @ ,3/1/2026
Dillon Jones,CPT,NYK,SAS,,,,,,,,,,,,,,,,,No,1.5,228.5,,,,,,1500,https://dkn.gs/sports/images/nba/players/50/800403.png, @ ,3/1/2026
Tyler Kolek,CPT,NYK,SAS,,,,,,,,,,,,,,,,,No,1.5,228.5,,,,,,1500,https://dkn.gs/sports/images/nba/players/50/800652.png, @ ,3/1/2026
Harrison Ingram,CPT,SAS,NYK,,,,,,,,,,,,,,,,,Yes,-1.5,228.5,,,,,,1500,https://dkn.gs/sports/images/nba/players/50/800663.png, @ ,3/1/2026
Kevin McCullar Jr.,CPT,NYK,SAS,,,,,,,,,,,,,,,,,No,1.5,228.5,,,,,,1500,https://dkn.gs/sports/images/nba/players/50/799444.png, @ ,3/1/2026
Miles McBride,CPT,NYK,SAS,,,,,,,,,,,,,,,,,No,1.5,228.5,,,,,,1500,https://dkn.gs/sports/images/nba/players/50/591041.png, @ ,3/1/2026
David Jones-Garcia,CPT,SAS,NYK,,,,,,,,,,,,,,,,,Yes,-1.5,228.5,,,,,,1500,https://dkn.gs/sports/images/nba/players/50/800681.png, @ ,3/1/2026
Nikola Jokic,C,DEN,MIN,,,,,,,,,,,,,,,,,Yes,-2,240.5,,,,,,12500,https://dkn.gs/sports/images/nba/players/50/33018.png, @ ,3/1/2026
Giannis Antetokounmpo,PF,MIL,,,,,,,,,,,,,,,,,,,,,,,,,,11100,https://dkn.gs/sports/images/nba/players/50/33178.png, @ ,3/1/2026
Donovan Mitchell,SG,CLE,,,,,,,,,,,,,,,,,,,,,,,,,,9700,https://dkn.gs/sports/images/nba/players/50/33398.png, @ ,3/1/2026
Anthony Edwards,SG,MIN,DEN,,,,,,,,,,,,,,,,,No,2,240.5,,,,,,9600,https://dkn.gs/sports/images/nba/players/50/509114.png, @ ,3/1/2026
James Harden,PG,CLE,,,,,,,,,,,,,,,,,,,,,,,,,,9400,https://dkn.gs/sports/images/nba/players/50/33070.png, @ ,3/1/2026
Jamal Murray,PG,DEN,MIN,,,,,,,,,,,,,,,,,Yes,-2,240.5,,,,,,8900,https://dkn.gs/sports/images/nba/players/50/33019.png, @ ,3/1/2026
Kevin Porter Jr.,PG/SG,MIL,,,,,,,,,,,,,,,,,,,,,,,,,,8700,https://dkn.gs/sports/images/nba/players/50/32991.png, @ ,3/1/2026
Michael Porter Jr.,SF,BKN,,,,,,,,,,,,,,,,,,,,,,,,,,8600,https://dkn.gs/sports/images/nba/players/50/33026.png, @ ,3/1/2026
Julius Randle,PF,MIN,DEN,,,,,,,,,,,,,,,,,No,2,240.5,,,,,,8200,https://dkn.gs/sports/images/nba/players/50/33234.png, @ ,3/1/2026
Evan Mobley,PF/C,CLE,,,,,,,,,,,,,,,,,,,,,,,,,,8100,https://dkn.gs/sports/images/nba/players/50/590986.png, @ ,3/1/2026
Ryan Rollins,PG,MIL,,,,,,,,,,,,,,,,,,,,,,,,,,7900,https://dkn.gs/sports/images/nba/players/50/649587.png, @ ,3/1/2026
Jarrett Allen,C,CLE,,,,,,,,,,,,,,,,,,,,,,,,,,7700,https://dkn.gs/sports/images/nba/players/50/32914.png, @ ,3/1/2026
Josh Giddey,PG,CHI,,,,,,,,,,,,,,,,,,,,,,,,,,7300,https://dkn.gs/sports/images/nba/players/50/590989.png, @ ,3/1/2026
Peyton Watson,SF,DEN,MIN,,,,,,,,,,,,,,,,,Yes,-2,240.5,,,,,,6900,https://dkn.gs/sports/images/nba/players/50/649577.png, @ ,3/1/2026
Rudy Gobert,C,MIN,DEN,,,,,,,,,,,,,,,,,No,2,240.5,,,,,,6800,https://dkn.gs/sports/images/nba/players/50/33393.png, @ ,3/1/2026
Aaron Gordon,PF/C,DEN,MIN,,,,,,,,,,,,,,,,,Yes,-2,240.5,,,,,,6700,https://dkn.gs/sports/images/nba/players/50/33270.png, @ ,3/1/2026
Matas Buzelis,SF/PF,CHI,,,,,,,,,,,,,,,,,,,,,,,,,,6500,https://dkn.gs/sports/images/nba/players/50/800380.png, @ ,3/1/2026
Jaden McDaniels,SF,MIN,DEN,,,,,,,,,,,,,,,,,No,2,240.5,,,,,,6300,https://dkn.gs/sports/images/nba/players/50/527235.png, @ ,3/1/2026
Nic Claxton,C,BKN,,,,,,,,,,,,,,,,,,,,,,,,,,6200,https://dkn.gs/sports/images/nba/players/50/32924.png, @ ,3/1/2026
Naz Reid,PF/C,MIN,DEN,,,,,,,,,,,,,,,,,No,2,240.5,,,,,,6000,https://dkn.gs/sports/images/nba/players/50/33206.png, @ ,3/1/2026
Jaylon Tyson,SF,CLE,,,,,,,,,,,,,,,,,,,,,,,,,,5900,https://dkn.gs/sports/images/nba/players/50/800376.png, @ ,3/1/2026
Myles Turner,C,MIL,,,,,,,,,,,,,,,,,,,,,,,,,,5800,https://dkn.gs/sports/images/nba/players/50/33089.png, @ ,3/1/2026
Bobby Portis,PF/C,MIL,,,,,,,,,,,,,,,,,,,,,,,,,,5700,https://dkn.gs/sports/images/nba/players/50/33236.png, @ ,3/1/2026
Anfernee Simons,SG,CHI,,,,,,,,,,,,,,,,,,,,,,,,,,5600,https://dkn.gs/sports/images/nba/players/50/33330.png, @ ,3/1/2026
Dennis Schroder,PG,CLE,,,,,,,,,,,,,,,,,,,,,,,,,,5500,https://dkn.gs/sports/images/nba/players/50/33251.png, @ ,3/1/2026
Jalen Smith,C,CHI,,,,,,,,,,,,,,,,,,,,,,,,,,5500,https://dkn.gs/sports/images/nba/players/50/527222.png, @ ,3/1/2026
Donte DiVincenzo,PG,MIN,DEN,,,,,,,,,,,,,,,,,No,2,240.5,,,,,,5400,https://dkn.gs/sports/images/nba/players/50/33185.png, @ ,3/1/2026
Kyle Kuzma,PF,MIL,,,,,,,,,,,,,,,,,,,,,,,,,,5400,https://dkn.gs/sports/images/nba/players/50/33127.png, @ ,3/1/2026
Day'Ron Sharpe,C,BKN,,,,,,,,,,,,,,,,,,,,,,,,,,5300,https://dkn.gs/sports/images/nba/players/50/591034.png, @ ,3/1/2026
Sam Merrill,SG/SF,CLE,,,,,,,,,,,,,,,,,,,,,,,,,,5300,https://dkn.gs/sports/images/nba/players/50/527270.png, @ ,3/1/2026
Jaden Ivey,SG/SF,CHI,,,,,,,,,,,,,,,,,,,,,,,,,,5200,https://dkn.gs/sports/images/nba/players/50/649548.png, @ ,3/1/2026
Cameron Johnson,SF/PF,DEN,MIN,,,,,,,,,,,,,,,,,Yes,-2,240.5,,,,,,5200,https://dkn.gs/sports/images/nba/players/50/33316.png, @ ,3/1/2026
Ayo Dosunmu,SG/SF,MIN,DEN,,,,,,,,,,,,,,,,,No,2,240.5,,,,,,5100,https://dkn.gs/sports/images/nba/players/50/591043.png, @ ,3/1/2026
Christian Braun,SG,DEN,MIN,,,,,,,,,,,,,,,,,Yes,-2,240.5,,,,,,5100,https://dkn.gs/sports/images/nba/players/50/649570.png, @ ,3/1/2026
Guerschon Yabusele,PF/C,CHI,,,,,,,,,,,,,,,,,,,,,,,,,,5000,https://dkn.gs/sports/images/nba/players/50/58783.png, @ ,3/1/2026
Collin Sexton,SG/SF,CHI,,,,,,,,,,,,,,,,,,,,,,,,,,5000,https://dkn.gs/sports/images/nba/players/50/32987.png, @ ,3/1/2026
Nolan Traore,PG,BKN,,,,,,,,,,,,,,,,,,,,,,,,,,4900,https://dkn.gs/sports/images/nba/players/50/905568.png, @ ,3/1/2026
Max Strus,SF,CLE,,,,,,,,,,,,,,,,,,,,,,,,,,4900,https://dkn.gs/sports/images/nba/players/50/32893.png, @ ,3/1/2026
Noah Clowney,PF,BKN,,,,,,,,,,,,,,,,,,,,,,,,,,4800,https://dkn.gs/sports/images/nba/players/50/713774.png, @ ,3/1/2026
Egor Demin,PG/SG,BKN,,,,,,,,,,,,,,,,,,,,,,,,,,4800,https://dkn.gs/sports/images/nba/players/50/905557.png, @ ,3/1/2026
Tre Jones,PG/SG,CHI,,,,,,,,,,,,,,,,,,,,,,,,,,4700,https://dkn.gs/sports/images/nba/players/50/527244.png, @ ,3/1/2026
Julian Strawther,SG/SF,DEN,MIN,,,,,,,,,,,,,,,,,Yes,-2,240.5,,,,,,4600,https://dkn.gs/sports/images/nba/players/50/713781.png, @ ,3/1/2026
Danny Wolf,PF/C,BKN,,,,,,,,,,,,,,,,,,,,,,,,,,4500,https://dkn.gs/sports/images/nba/players/50/905576.png, @ ,3/1/2026
Tim Hardaway Jr.,SF/PF,DEN,MIN,,,,,,,,,,,,,,,,,Yes,-2,240.5,,,,,,4400,https://dkn.gs/sports/images/nba/players/50/32995.png, @ ,3/1/2026
Bruce Brown,PG/SG,DEN,MIN,,,,,,,,,,,,,,,,,Yes,-2,240.5,,,,,,4300,https://dkn.gs/sports/images/nba/players/50/33044.png, @ ,3/1/2026
AJ Green,SG/SF,MIL,,,,,,,,,,,,,,,,,,,,,,,,,,4300,https://dkn.gs/sports/images/nba/players/50/651648.png, @ ,3/1/2026
Craig Porter Jr.,PG,CLE,,,,,,,,,,,,,,,,,,,,,,,,,,4200,https://dkn.gs/sports/images/nba/players/50/713845.png, @ ,3/1/2026
Isaac Okoro,SG/SF,CHI,,,,,,,,,,,,,,,,,,,,,,,,,,4200,https://dkn.gs/sports/images/nba/players/50/489504.png, @ ,3/1/2026
Jericho Sims,C,MIL,,,,,,,,,,,,,,,,,,,,,,,,,,4100,https://dkn.gs/sports/images/nba/players/50/591062.png, @ ,3/1/2026
Ziaire Williams,SG/SF,BKN,,,,,,,,,,,,,,,,,,,,,,,,,,4100,https://dkn.gs/sports/images/nba/players/50/591011.png, @ ,3/1/2026
Dean Wade,SF/PF,CLE,,,,,,,,,,,,,,,,,,,,,,,,,,4000,https://dkn.gs/sports/images/nba/players/50/32992.png, @ ,3/1/2026
Nick Richards,C,CHI,,,,,,,,,,,,,,,,,,,,,,,,,,4000,https://dkn.gs/sports/images/nba/players/50/527249.png, @ ,3/1/2026
Keon Ellis,SG/SF,CLE,,,,,,,,,,,,,,,,,,,,,,,,,,3900,https://dkn.gs/sports/images/nba/players/50/649606.png, @ ,3/1/2026
Cam Thomas,PG/SG,MIL,,,,,,,,,,,,,,,,,,,,,,,,,,3900,https://dkn.gs/sports/images/nba/players/50/591032.png, @ ,3/1/2026
Spencer Jones,PF,DEN,MIN,,,,,,,,,,,,,,,,,Yes,-2,240.5,,,,,,3800,https://dkn.gs/sports/images/nba/players/50/803826.png, @ ,3/1/2026
Terance Mann,SG/SF,BKN,,,,,,,,,,,,,,,,,,,,,,,,,,3800,https://dkn.gs/sports/images/nba/players/50/33113.png, @ ,3/1/2026
Bones Hyland,PG/SG,MIN,DEN,,,,,,,,,,,,,,,,,No,2,240.5,,,,,,3700,https://dkn.gs/sports/images/nba/players/50/591031.png, @ ,3/1/2026
Rob Dillingham,PG,CHI,,,,,,,,,,,,,,,,,,,,,,,,,,3700,https://dkn.gs/sports/images/nba/players/50/800355.png, @ ,3/1/2026
Patrick Williams,PF,CHI,,,,,,,,,,,,,,,,,,,,,,,,,,3600,https://dkn.gs/sports/images/nba/players/50/527216.png, @ ,3/1/2026
Jonas Valanciunas,C,DEN,MIN,,,,,,,,,,,,,,,,,Yes,-2,240.5,,,,,,3600,https://dkn.gs/sports/images/nba/players/50/33132.png, @ ,3/1/2026
Thomas Bryant,C,CLE,,,,,,,,,,,,,,,,,,,,,,,,,,3500,https://dkn.gs/sports/images/nba/players/50/32875.png, @ ,3/1/2026
Leonard Miller,PF,CHI,,,,,,,,,,,,,,,,,,,,,,,,,,3500,https://dkn.gs/sports/images/nba/players/50/713785.png, @ ,3/1/2026
Nae'Qwan Tomlin,PF,CLE,,,,,,,,,,,,,,,,,,,,,,,,,,3400,https://dkn.gs/sports/images/nba/players/50/801402.png, @ ,3/1/2026
Ousmane Dieng,SF,MIL,,,,,,,,,,,,,,,,,,,,,,,,,,3400,https://dkn.gs/sports/images/nba/players/50/649560.png, @ ,3/1/2026
Drake Powell,SG,BKN,,,,,,,,,,,,,,,,,,,,,,,,,,3300,https://dkn.gs/sports/images/nba/players/50/905570.png, @ ,3/1/2026
KJ Simpson,PG,DEN,MIN,,,,,,,,,,,,,,,,,Yes,-2,240.5,,,,,,3300,https://dkn.gs/sports/images/nba/players/50/800657.png, @ ,3/1/2026
Jules Bernard,SG,MIN,DEN,,,,,,,,,,,,,,,,,No,2,240.5,,,,,,3300,https://dkn.gs/sports/images/nba/players/50/651724.png, @ ,3/1/2026
Cormac Ryan,SF,MIL,,,,,,,,,,,,,,,,,,,,,,,,,,3300,https://dkn.gs/sports/images/nba/players/50/803807.png, @ ,3/1/2026
Ochai Agbaji,SF/PF,BKN,,,,,,,,,,,,,,,,,,,,,,,,,,3200,https://dkn.gs/sports/images/nba/players/50/649563.png, @ ,3/1/2026
Joan Beringer,C,MIN,DEN,,,,,,,,,,,,,,,,,No,2,240.5,,,,,,3200,https://dkn.gs/sports/images/nba/players/50/905564.png, @ ,3/1/2026
Tyrese Proctor,PG/SG,CLE,,,,,,,,,,,,,,,,,,,,,,,,,,3100,https://dkn.gs/sports/images/nba/players/50/906386.png, @ ,3/1/2026
Pete Nance,PF/C,MIL,,,,,,,,,,,,,,,,,,,,,,,,,,3100,https://dkn.gs/sports/images/nba/players/50/717345.png, @ ,3/1/2026
Terrence Shannon Jr.,SG/SF,MIN,DEN,,,,,,,,,,,,,,,,,No,2,240.5,,,,,,3100,https://dkn.gs/sports/images/nba/players/50/800404.png, @ ,3/1/2026
Jaylen Clark,SG/SF,MIN,DEN,,,,,,,,,,,,,,,,,No,2,240.5,,,,,,3000,https://dkn.gs/sports/images/nba/players/50/709705.png, @ ,3/1/2026
Gary Trent Jr.,SG/SF,MIL,,,,,,,,,,,,,,,,,,,,,,,,,,3000,https://dkn.gs/sports/images/nba/players/50/33331.png, @ ,3/1/2026
Mike Conley,PG,MIN,DEN,,,,,,,,,,,,,,,,,No,2,240.5,,,,,,3000,https://dkn.gs/sports/images/nba/players/50/33389.png, @ ,3/1/2026
Zeke Nnaji,PF/C,DEN,MIN,,,,,,,,,,,,,,,,,Yes,-2,240.5,,,,,,3000,https://dkn.gs/sports/images/nba/players/50/527231.png, @ ,3/1/2026
Gary Harris,SF,MIL,,,,,,,,,,,,,,,,,,,,,,,,,,3000,https://dkn.gs/sports/images/nba/players/50/33016.png, @ ,3/1/2026
Jalen Pickett,PG/SG,DEN,MIN,,,,,,,,,,,,,,,,,Yes,-2,240.5,,,,,,3000,https://dkn.gs/sports/images/nba/players/50/713784.png, @ ,3/1/2026
Jalen Wilson,PF,BKN,,,,,,,,,,,,,,,,,,,,,,,,,,3000,https://dkn.gs/sports/images/nba/players/50/713803.png, @ ,3/1/2026
Julian Phillips,PF,MIN,DEN,,,,,,,,,,,,,,,,,No,2,240.5,,,,,,3000,https://dkn.gs/sports/images/nba/players/50/713787.png, @ ,3/1/2026
Josh Minott,SF/PF,BKN,,,,,,,,,,,,,,,,,,,,,,,,,,3000,https://dkn.gs/sports/images/nba/players/50/649588.png, @ ,3/1/2026
Andre Jackson Jr.,SG/SF,MIL,,,,,,,,,,,,,,,,,,,,,,,,,,3000,https://dkn.gs/sports/images/nba/players/50/713788.png, @ ,3/1/2026
Larry Nance Jr.,PF/C,CLE,,,,,,,,,,,,,,,,,,,,,,,,,,3000,https://dkn.gs/sports/images/nba/players/50/32984.png, @ ,3/1/2026
Ben Saraf,PG,BKN,,,,,,,,,,,,,,,,,,,,,,,,,,3000,https://dkn.gs/sports/images/nba/players/50/905574.png, @ ,3/1/2026
Thanasis Antetokounmpo,C,MIL,,,,,,,,,,,,,,,,,,,,,,,,,,3000,https://dkn.gs/sports/images/nba/players/50/33179.png, @ ,3/1/2026
Joe Ingles,PF,MIN,DEN,,,,,,,,,,,,,,,,,No,2,240.5,,,,,,3000,https://dkn.gs/sports/images/nba/players/50/33395.png, @ ,3/1/2026
DaRon Holmes II,C,DEN,MIN,,,,,,,,,,,,,,,,,Yes,-2,240.5,,,,,,3000,https://dkn.gs/sports/images/nba/players/50/800379.png, @ ,3/1/2026
Lachlan Olbrich,C,CHI,,,,,,,,,,,,,,,,,,,,,,,,,,3000,https://dkn.gs/sports/images/nba/players/50/906392.png, @ ,3/1/2026
Zach Collins,C,CHI,,,,,,,,,,,,,,,,,,,,,,,,,,3000,https://dkn.gs/sports/images/nba/players/50/33329.png, @ ,3/1/2026
E.J. Liddell,C,BKN,,,,,,,,,,,,,,,,,,,,,,,,,,3000,https://dkn.gs/sports/images/nba/players/50/649584.png, @ ,3/1/2026
Tyson Etienne,PG,BKN,,,,,,,,,,,,,,,,,,,,,,,,,,3000,https://dkn.gs/sports/images/nba/players/50/651462.png, @ ,3/1/2026
Taurean Prince,SF,MIL,,,,,,,,,,,,,,,,,,,,,,,,,,3000,https://dkn.gs/sports/images/nba/players/50/32907.png, @ ,3/1/2026
Curtis Jones,PG/SG,DEN,MIN,,,,,,,,,,,,,,,,,Yes,-2,240.5,,,,,,3000,https://dkn.gs/sports/images/nba/players/50/907368.png, @ ,3/1/2026
Yuki Kawamura,PG,CHI,,,,,,,,,,,,,,,,,,,,,,,,,,3000,https://dkn.gs/sports/images/nba/players/50/726204.png, @ ,3/1/2026
Mac McClung,PG/SG,CHI,,,,,,,,,,,,,,,,,,,,,,,,,,3000,https://dkn.gs/sports/images/nba/players/50/591146.png, @ ,3/1/2026
Tristan Enaruna,SF/PF,CLE,,,,,,,,,,,,,,,,,,,,,,,,,,3000,https://dkn.gs/sports/images/nba/players/50/801015.png, @ ,3/1/2026
Noa Essengue,SF,CHI,,,,,,,,,,,,,,,,,,,,,,,,,,3000,https://dkn.gs/sports/images/nba/players/50/905561.png, @ ,3/1/2026
Riley Minix,SF/PF,CLE,,,,,,,,,,,,,,,,,,,,,,,,,,3000,https://dkn.gs/sports/images/nba/players/50/801817.png, @ ,3/1/2026
Enrique Freeman,PF/C,MIN,DEN,,,,,,,,,,,,,,,,,No,2,240.5,,,,,,3000,https://dkn.gs/sports/images/nba/players/50/800665.png, @ ,3/1/2026
Grant Nelson,C,BKN,,,,,,,,,,,,,,,,,,,,,,,,,,3000,https://dkn.gs/sports/images/nba/teams/50/32902.png, @ ,3/1/2026
Rocco Zikarsky,C,MIN,DEN,,,,,,,,,,,,,,,,,No,2,240.5,,,,,,3000,https://dkn.gs/sports/images/nba/players/50/906413.png, @ ,3/1/2026
Darius Brown II,PG,CLE,,,,,,,,,,,,,,,,,,,,,,,,,,3000,https://dkn.gs/sports/images/nba/teams/50/32908.png, @ ,3/1/2026
Tamar Bates,SG,DEN,MIN,,,,,,,,,,,,,,,,,Yes,-2,240.5,,,,,,3000,https://dkn.gs/sports/images/nba/players/50/906402.png, @ ,3/1/2026
Chaney Johnson,PF,BKN,,,,,,,,,,,,,,,,,,,,,,,,,,3000,https://dkn.gs/sports/images/nba/players/50/907192.png, @ ,3/1/2026
Alex Antetokounmpo,SF,MIL,,,,,,,,,,,,,,,,,,,,,,,,,,3000,https://dkn.gs/sports/images/nba/teams/50/32933.png, @ ,3/1/2026
Pascal Siakam,CPT,IND,,,,,,,,,,,,,,,,,,,,,,,,,,15600,https://dkn.gs/sports/images/nba/players/50/33379.png, @ ,3/1/2026
Ja Morant,CPT,MEM,,,,,,,,,,,,,,,,,,,,,,,,,,15000,https://dkn.gs/sports/images/nba/players/50/33147.png, @ ,3/1/2026
Andrew Nembhard,CPT,IND,,,,,,,,,,,,,,,,,,,,,,,,,,13200,https://dkn.gs/sports/images/nba/players/50/36394.png, @ ,3/1/2026
Jarace Walker,CPT,IND,,,,,,,,,,,,,,,,,,,,,,,,,,12900,https://dkn.gs/sports/images/nba/players/50/713761.png, @ ,3/1/2026
Ivica Zubac,CPT,IND,,,,,,,,,,,,,,,,,,,,,,,,,,12600,https://dkn.gs/sports/images/nba/players/50/33107.png, @ ,3/1/2026
Ty Jerome,CPT,MEM,,,,,,,,,,,,,,,,,,,,,,,,,,12000,https://dkn.gs/sports/images/nba/players/50/33317.png, @ ,3/1/2026
Zach Edey,CPT,MEM,,,,,,,,,,,,,,,,,,,,,,,,,,11700,https://dkn.gs/sports/images/nba/players/50/726300.png, @ ,3/1/2026
Gregory Jackson,CPT,MEM,,,,,,,,,,,,,,,,,,,,,,,,,,11400,https://dkn.gs/sports/images/nba/players/50/713797.png, @ ,3/1/2026
Santi Aldama,CPT,MEM,,,,,,,,,,,,,,,,,,,,,,,,,,10800,https://dkn.gs/sports/images/nba/players/50/591035.png, @ ,3/1/2026
Aaron Nesmith,CPT,IND,,,,,,,,,,,,,,,,,,,,,,,,,,10200,https://dkn.gs/sports/images/nba/players/50/502007.png, @ ,3/1/2026
Jay Huff,CPT,IND,,,,,,,,,,,,,,,,,,,,,,,,,,9900,https://dkn.gs/sports/images/nba/players/50/591190.png, @ ,3/1/2026
Scotty Pippen Jr.,CPT,MEM,,,,,,,,,,,,,,,,,,,,,,,,,,9300,https://dkn.gs/sports/images/nba/players/50/649596.png, @ ,3/1/2026
Cedric Coward,CPT,MEM,,,,,,,,,,,,,,,,,,,,,,,,,,9000,https://dkn.gs/sports/images/nba/players/50/905516.png, @ ,3/1/2026
Olivier-Maxence Prosper,CPT,MEM,,,,,,,,,,,,,,,,,,,,,,,,,,8400,https://dkn.gs/sports/images/nba/players/50/713776.png, @ ,3/1/2026
Cam Spencer,CPT,MEM,,,,,,,,,,,,,,,,,,,,,,,,,,8100,https://dkn.gs/sports/images/nba/players/50/800668.png, @ ,3/1/2026
Jaylen Wells,CPT,MEM,,,,,,,,,,,,,,,,,,,,,,,,,,7800,https://dkn.gs/sports/images/nba/players/50/800655.png, @ ,3/1/2026
Javon Small,CPT,MEM,,,,,,,,,,,,,,,,,,,,,,,,,,7500,https://dkn.gs/sports/images/nba/players/50/906357.png, @ ,3/1/2026
Quenton Jackson,CPT,IND,,,,,,,,,,,,,,,,,,,,,,,,,,6900,https://dkn.gs/sports/images/nba/players/50/651619.png, @ ,3/1/2026
Kobe Brown,CPT,IND,,,,,,,,,,,,,,,,,,,,,,,,,,6600,https://dkn.gs/sports/images/nba/players/50/713782.png, @ ,3/1/2026
Micah Potter,CPT,IND,,,,,,,,,,,,,,,,,,,,,,,,,,6300,https://dkn.gs/sports/images/nba/players/50/591848.png, @ ,3/1/2026
Taylor Hendricks,CPT,MEM,,,,,,,,,,,,,,,,,,,,,,,,,,6000,https://dkn.gs/sports/images/nba/players/50/713762.png, @ ,3/1/2026
Walter Clayton Jr.,CPT,MEM,,,,,,,,,,,,,,,,,,,,,,,,,,5700,https://dkn.gs/sports/images/nba/players/50/905567.png, @ ,3/1/2026
Kam Jones,CPT,IND,,,,,,,,,,,,,,,,,,,,,,,,,,5400,https://dkn.gs/sports/images/nba/players/50/906343.png, @ ,3/1/2026
T.J. McConnell,CPT,IND,,,,,,,,,,,,,,,,,,,,,,,,,,5100,https://dkn.gs/sports/images/nba/players/50/33090.png, @ ,3/1/2026
Jahmai Mashack,CPT,MEM,,,,,,,,,,,,,,,,,,,,,,,,,,4800,https://dkn.gs/sports/images/nba/teams/50/32929.png, @ ,3/1/2026
Ben Sheppard,CPT,IND,,,,,,,,,,,,,,,,,,,,,,,,,,4500,https://dkn.gs/sports/images/nba/players/50/713778.png, @ ,3/1/2026
Obi Toppin,CPT,IND,,,,,,,,,,,,,,,,,,,,,,,,,,4200,https://dkn.gs/sports/images/nba/players/50/527221.png, @ ,3/1/2026
Rayan Rupert,CPT,MEM,,,,,,,,,,,,,,,,,,,,,,,,,,3900,https://dkn.gs/sports/images/nba/players/50/713795.png, @ ,3/1/2026
Taj Gibson,CPT,MEM,,,,,,,,,,,,,,,,,,,,,,,,,,2400,https://dkn.gs/sports/images/nba/players/50/33229.png, @ ,3/1/2026
Taelon Peter,CPT,IND,,,,,,,,,,,,,,,,,,,,,,,,,,1800,https://dkn.gs/sports/images/nba/players/50/906411.png, @ ,3/1/2026
Ethan Thompson,CPT,IND,,,,,,,,,,,,,,,,,,,,,,,,,,1500,https://dkn.gs/sports/images/nba/players/50/591821.png, @ ,3/1/2026
Kentavious Caldwell-Pope,CPT,MEM,,,,,,,,,,,,,,,,,,,,,,,,,,1500,https://dkn.gs/sports/images/nba/players/50/33123.png, @ ,3/1/2026
Johnny Furphy,CPT,IND,,,,,,,,,,,,,,,,,,,,,,,,,,1500,https://dkn.gs/sports/images/nba/players/50/794875.png, @ ,3/1/2026
Brandon Clarke,CPT,MEM,,,,,,,,,,,,,,,,,,,,,,,,,,1500,https://dkn.gs/sports/images/nba/players/50/33148.png, @ ,3/1/2026
Tyrese Haliburton,CPT,IND,,,,,,,,,,,,,,,,,,,,,,,,,,1500,https://dkn.gs/sports/images/nba/players/50/488094.png, @ ,3/1/2026
Cade Cunningham,PG,DET,,,,,,,,,,,,,,,,,,,,,,,,,,11000,https://dkn.gs/sports/images/nba/players/50/590962.png, @ ,3/1/2026
Shai Gilgeous-Alexander,PG,OKC,,,,,,,,,,,,,,,,,,,,,,,,,,10700,https://dkn.gs/sports/images/nba/players/50/33258.png, @ ,3/1/2026
Jalen Johnson,PF,ATL,,,,,,,,,,,,,,,,,,,,,,,,,,10500,https://dkn.gs/sports/images/nba/players/50/591025.png, @ ,3/1/2026
Tyrese Maxey,PG,PHI,,,,,,,,,,,,,,,,,,,,,,,,,,10100,https://dkn.gs/sports/images/nba/players/50/527230.png, @ ,3/1/2026
Jaylen Brown,SG/SF,BOS,,,,,,,,,,,,,,,,,,,,,,,,,,9800,https://dkn.gs/sports/images/nba/players/50/32872.png, @ ,3/1/2026
Kawhi Leonard,SG/SF,LAC,,,,,,,,,,,,,,,,,,,,,,,,,,9700,https://dkn.gs/sports/images/nba/players/50/33102.png, @ ,3/1/2026
Joel Embiid,C,PHI,,,,,,,,,,,,,,,,,,,,,,,,,,9600,https://dkn.gs/sports/images/nba/players/50/33292.png, @ ,3/1/2026
Paolo Banchero,PF,ORL,,,,,,,,,,,,,,,,,,,,,,,,,,9100,https://dkn.gs/sports/images/nba/players/50/649544.png, @ ,3/1/2026
Cooper Flagg,PG/SF,DAL,,,,,,,,,,,,,,,,,,,,,,,,,,8900,https://dkn.gs/sports/images/nba/players/50/905515.png, @ ,3/1/2026
Deni Avdija,SF/PF,POR,CHA,,,,,,,,,,,,,,,,,No,10.7,203.4,,,,,,8700,https://dkn.gs/sports/images/nba/players/50/527254.png, @ ,3/1/2026
Chet Holmgren,PF,OKC,,,,,,,,,,,,,,,,,,,,,,,,,,8600,https://dkn.gs/sports/images/nba/players/50/649545.png, @ ,3/1/2026
Derrick White,PG,BOS,,,,,,,,,,,,,,,,,,,,,,,,,,8300,https://dkn.gs/sports/images/nba/players/50/33364.png, @ ,3/1/2026
Jalen Duren,C,DET,,,,,,,,,,,,,,,,,,,,,,,,,,8200,https://dkn.gs/sports/images/nba/players/50/649562.png, @ ,3/1/2026
Jalen Williams,SF,OKC,,,,,,,,,,,,,,,,,,,,,,,,,,8100,https://dkn.gs/sports/images/nba/players/50/649561.png, @ ,3/1/2026
Jayson Tatum,PF,BOS,,,,,,,,,,,,,,,,,,,,,,,,,,8000,https://dkn.gs/sports/images/nba/players/50/32876.png, @ ,3/1/2026
Onyeka Okongwu,C,ATL,,,,,,,,,,,,,,,,,,,,,,,,,,7900,https://dkn.gs/sports/images/nba/players/50/481752.png, @ ,3/1/2026
Nickeil Alexander-Walker,PG/SG,ATL,,,,,,,,,,,,,,,,,,,,,,,,,,7800,https://dkn.gs/sports/images/nba/players/50/33225.png, @ ,3/1/2026
Franz Wagner,SF,ORL,,,,,,,,,,,,,,,,,,,,,,,,,,7700,https://dkn.gs/sports/images/nba/players/50/591008.png, @ ,3/1/2026
Desmond Bane,SG/SF,ORL,,,,,,,,,,,,,,,,,,,,,,,,,,7400,https://dkn.gs/sports/images/nba/players/50/527237.png, @ ,3/1/2026
Payton Pritchard,PG/SG,BOS,,,,,,,,,,,,,,,,,,,,,,,,,,7300,https://dkn.gs/sports/images/nba/players/50/527233.png, @ ,3/1/2026
Donovan Clingan,C,POR,CHA,2.17,,,,,,,,12.3,11.17,,,31.0175,28.959,28.959,28.959,No,10.7,203.4,,,,,,7300,https://dkn.gs/sports/images/nba/players/50/800354.png, @ ,3/1/2026
Shaedon Sharpe,SG,POR,CHA,,,,,,,,,,,,,,,,,No,10.7,203.4,,,,,,7200,https://dkn.gs/sports/images/nba/players/50/649550.png, @ ,3/1/2026
Darius Garland,PG,LAC,,,,,,,,,,,,,,,,,,,,,,,,,,7200,https://dkn.gs/sports/images/nba/players/50/32989.png, @ ,3/1/2026
CJ McCollum,PG/SG,ATL,,,,,,,,,,,,,,,,,,,,,,,,,,7100,https://dkn.gs/sports/images/nba/players/50/33324.png, @ ,3/1/2026
Russell Westbrook,PG,SAC,,,,,,,,,,,,,,,,,,,,,,,,,,7100,https://dkn.gs/sports/images/nba/players/50/33068.png, @ ,3/1/2026
DeMar DeRozan,SG,SAC,,,,,,,,,,,,,,,,,,,,,,,,,,7000,https://dkn.gs/sports/images/nba/players/50/33357.png, @ ,3/1/2026
Anthony Black,PG/SG,ORL,,,,,,,,,,,,,,,,,,,,,,,,,,6900,https://dkn.gs/sports/images/nba/players/50/713759.png, @ ,3/1/2026
Bennedict Mathurin,SG/SF,LAC,,,,,,,,,,,,,,,,,,,,,,,,,,6800,https://dkn.gs/sports/images/nba/players/50/649549.png, @ ,3/1/2026
Jrue Holiday,PG,POR,CHA,4.5,,,,,,,,20.69,4.17,,,32.6525,32.444,32.444,32.444,No,10.7,203.4,,,,,,6700,https://dkn.gs/sports/images/nba/players/50/33210.png, @ ,3/1/2026
Naji Marshall,SF,DAL,,,,,,,,,,,,,,,,,,,,,,,,,,6600,https://dkn.gs/sports/images/nba/players/50/535788.png, @ ,3/1/2026
PJ Washington,PF,DAL,,,,,,,,,,,,,,,,,,,,,,,,,,6600,https://dkn.gs/sports/images/nba/players/50/32950.png, @ ,3/1/2026
Dyson Daniels,SG/SF,ATL,,,,,,,,,,,,,,,,,,,,,,,,,,6500,https://dkn.gs/sports/images/nba/players/50/649551.png, @ ,3/1/2026
VJ Edgecombe,SG,PHI,,,,,,,,,,,,,,,,,,,,,,,,,,6500,https://dkn.gs/sports/images/nba/players/50/905552.png, @ ,3/1/2026
Jerami Grant,PF,POR,CHA,2.5,0,,,,,,,20.25,2.75,,,27.4375,27.3,27.3,27.3,No,10.7,203.4,,,,,,6400,https://dkn.gs/sports/images/nba/players/50/33017.png, @ ,3/1/2026
Maxime Raynaud,C,SAC,,,,,,,,,,,,,,,,,,,,,,,,,,6300,https://dkn.gs/sports/images/nba/players/50/906348.png, @ ,3/1/2026
Jalen Suggs,PG,ORL,,,,,,,,,,,,,,,,,,,,,,,,,,6200,https://dkn.gs/sports/images/nba/players/50/590988.png, @ ,3/1/2026
Isaiah Hartenstein,C,OKC,,,,,,,,,,,,,,,,,,,,,,,,,,6200,https://dkn.gs/sports/images/nba/players/50/33079.png, @ ,3/1/2026
Nikola Vucevic,C,BOS,,,,,,,,,,,,,,,,,,,,,,,,,,6100,https://dkn.gs/sports/images/nba/players/50/33266.png, @ ,3/1/2026
John Collins,PF/C,LAC,,,,,,,,,,,,,,,,,,,,,,,,,,6100,https://dkn.gs/sports/images/nba/players/50/32848.png, @ ,3/1/2026
Kelly Oubre Jr.,SG/SF,PHI,,,,,,,,,,,,,,,,,,,,,,,,,,6000,https://dkn.gs/sports/images/nba/players/50/33310.png, @ ,3/1/2026
Keegan Murray,SF/PF,SAC,,,,,,,,,,,,,,,,,,,,,,,,,,6000,https://dkn.gs/sports/images/nba/players/50/649547.png, @ ,3/1/2026
Jonathan Kuminga,SF/PF,ATL,,,,,,,,,,,,,,,,,,,,,,,,,,5900,https://dkn.gs/sports/images/nba/players/50/590990.png, @ ,3/1/2026
Toumani Camara,SG/SF,POR,CHA,1.5,,,,,,,,11.5,5.5,0,,20.625,20.35,20.35,20.35,No,10.7,203.4,,,,,,5800,https://dkn.gs/sports/images/nba/players/50/713804.png, @ ,3/1/2026
Brandon Williams,PG/SG,DAL,,,,,,,,,,,,,,,,,,,,,,,,,,5800,https://dkn.gs/sports/images/nba/players/50/622849.png, @ ,3/1/2026
Cason Wallace,SG/SF,OKC,,,,,,,,,,,,,,,,,,,,,,,,,,5700,https://dkn.gs/sports/images/nba/players/50/713763.png, @ ,3/1/2026
Precious Achiuwa,PF/C,SAC,,,,,,,,,,,,,,,,,,,,,,,,,,5700,https://dkn.gs/sports/images/nba/players/50/527229.png, @ ,3/1/2026
Khris Middleton,SF/PF,DAL,,,,,,,,,,,,,,,,,,,,,,,,,,5700,https://dkn.gs/sports/images/nba/players/50/33177.png, @ ,3/1/2026
Scoot Henderson,PG,POR,CHA,5,,,,,,,,14.63,3.5,,,26.505,26.33,26.33,26.33,No,10.7,203.4,,,,,,5600,https://dkn.gs/sports/images/nba/players/50/713756.png, @ ,3/1/2026
Kris Dunn,PG,LAC,,,,,,,,,,,,,,,,,,,,,,,,,,5500,https://dkn.gs/sports/images/nba/players/50/32966.png, @ ,3/1/2026
Nique Clifford,SG/SF,SAC,,,,,,,,,,,,,,,,,,,,,,,,,,5500,https://dkn.gs/sports/images/nba/players/50/905575.png, @ ,3/1/2026
Jaylin Williams,PF/C,OKC,,,,,,,,,,,,,,,,,,,,,,,,,,5400,https://dkn.gs/sports/images/nba/players/50/649580.png, @ ,3/1/2026
Tobias Harris,PF,DET,,,,,,,,,,,,,,,,,,,,,,,,,,5400,https://dkn.gs/sports/images/nba/players/50/33286.png, @ ,3/1/2026
Dylan Cardwell,C,SAC,,,,,,,,,,,,,,,,,,,,,,,,,,5300,https://dkn.gs/sports/images/nba/players/50/906415.png, @ ,3/1/2026
Wendell Carter Jr.,C,ORL,,,,,,,,,,,,,,,,,,,,,,,,,,5200,https://dkn.gs/sports/images/nba/players/50/32972.png, @ ,3/1/2026
Ausar Thompson,SF,DET,,,,,,,,,,,,,,,,,,,,,,,,,,5200,https://dkn.gs/sports/images/nba/players/50/713758.png, @ ,3/1/2026
Brook Lopez,C,LAC,,,,,,,,,,,,,,,,,,,,,,,,,,5200,https://dkn.gs/sports/images/nba/players/50/33171.png, @ ,3/1/2026
Neemias Queta,C,BOS,,,,,,,,,,,,,,,,,,,,,,,,,,5100,https://dkn.gs/sports/images/nba/players/50/591044.png, @ ,3/1/2026
Derrick Jones Jr.,SF/PF,LAC,,,,,,,,,,,,,,,,,,,,,,,,,,5100,https://dkn.gs/sports/images/nba/players/50/33160.png, @ ,3/1/2026
Max Christie,SG,DAL,,,,,,,,,,,,,,,,,,,,,,,,,,5000,https://dkn.gs/sports/images/nba/players/50/649581.png, @ ,3/1/2026
Isaiah Joe,SG,OKC,,,,,,,,,,,,,,,,,,,,,,,,,,4900,https://dkn.gs/sports/images/nba/players/50/527259.png, @ ,3/1/2026
Marvin Bagley III,C,DAL,,,,,,,,,,,,,,,,,,,,,,,,,,4900,https://dkn.gs/sports/images/nba/players/50/33347.png, @ ,3/1/2026
Isaiah Stewart,PF/C,DET,,,,,,,,,,,,,,,,,,,,,,,,,,4800,https://dkn.gs/sports/images/nba/players/50/527226.png, @ ,3/1/2026
Aaron Wiggins,SF/PF,OKC,,,,,,,,,,,,,,,,,,,,,,,,,,4800,https://dkn.gs/sports/images/nba/players/50/591059.png, @ ,3/1/2026
Daniel Gafford,C,DAL,,,,,,,,,,,,,,,,,,,,,,,,,,4800,https://dkn.gs/sports/images/nba/players/50/32976.png, @ ,3/1/2026
Devin Carter,PG/SG,SAC,,,,,,,,,,,,,,,,,,,,,,,,,,4800,https://dkn.gs/sports/images/nba/players/50/800357.png, @ ,3/1/2026
Sam Hauser,SF/PF,BOS,,,,,,,,,,,,,,,,,,,,,,,,,,4700,https://dkn.gs/sports/images/nba/players/50/591150.png, @ ,3/1/2026
Ajay Mitchell,PG,OKC,,,,,,,,,,,,,,,,,,,,,,,,,,4700,https://dkn.gs/sports/images/nba/players/50/800653.png, @ ,3/1/2026
Malik Monk,PG/SG,SAC,,,,,,,,,,,,,,,,,,,,,,,,,,4600,https://dkn.gs/sports/images/nba/players/50/32941.png, @ ,3/1/2026
Robert Williams,C,POR,CHA,,0.5,,,,,,,5.5,,,,6.5,7,7,7,No,10.7,203.4,,,,,,4600,https://dkn.gs/sports/images/nba/players/50/32882.png, @ ,3/1/2026
Jordan Miller,PG/SG,LAC,,,,,,,,,,,,,,,,,,,,,,,,,,4600,https://dkn.gs/sports/images/nba/players/50/713800.png, @ ,3/1/2026
Duncan Robinson,SG,DET,,,,,,,,,,,,,,,,,,,,,,,,,,4500,https://dkn.gs/sports/images/nba/players/50/33163.png, @ ,3/1/2026
Andre Drummond,C,PHI,,,,,,,,,,,,,,,,,,,,,,,,,,4500,https://dkn.gs/sports/images/nba/players/50/33035.png, @ ,3/1/2026
Daeqwon Plowden,SF/PF,SAC,,,,,,,,,,,,,,,,,,,,,,,,,,4500,https://dkn.gs/sports/images/nba/players/50/651656.png, @ ,3/1/2026
Jock Landale,C,ATL,,,,,,,,,,,,,,,,,,,,,,,,,,4400,https://dkn.gs/sports/images/nba/players/50/36379.png, @ ,3/1/2026
Paul Reed,C,DET,,,,,,,,,,,,,,,,,,,,,,,,,,4400,https://dkn.gs/sports/images/nba/players/50/527268.png, @ ,3/1/2026
Luguentz Dort,SG,OKC,,,,,,,,,,,,,,,,,,,,,,,,,,4300,https://dkn.gs/sports/images/nba/players/50/33263.png, @ ,3/1/2026
Zaccharie Risacher,SF,ATL,,,,,,,,,,,,,,,,,,,,,,,,,,4300,https://dkn.gs/sports/images/nba/players/50/800352.png, @ ,3/1/2026
Quentin Grimes,PG/SG,PHI,,,,,,,,,,,,,,,,,,,,,,,,,,4200,https://dkn.gs/sports/images/nba/players/50/591030.png, @ ,3/1/2026
Kenrich Williams,PF/C,OKC,,,,,,,,,,,,,,,,,,,,,,,,,,4200,https://dkn.gs/sports/images/nba/players/50/33221.png, @ ,3/1/2026
Baylor Scheierman,SG,BOS,,,,,,,,,,,,,,,,,,,,,,,,,,4100,https://dkn.gs/sports/images/nba/players/50/800408.png, @ ,3/1/2026
Tristan da Silva,SF/PF,ORL,,,,,,,,,,,,,,,,,,,,,,,,,,4100,https://dkn.gs/sports/images/nba/players/50/800378.png, @ ,3/1/2026
Ronald Holland II,PF,DET,,,,,,,,,,,,,,,,,,,,,,,,,,4000,https://dkn.gs/sports/images/nba/players/50/800381.png, @ ,3/1/2026
Klay Thompson,SG/SF,DAL,,,,,,,,,,,,,,,,,,,,,,,,,,4000,https://dkn.gs/sports/images/nba/players/50/33050.png, @ ,3/1/2026
Alex Caruso,SF,OKC,,,,,,,,,,,,,,,,,,,,,,,,,,4000,https://dkn.gs/sports/images/nba/players/50/33126.png, @ ,3/1/2026
Dominick Barlow,PF/C,PHI,,,,,,,,,,,,,,,,,,,,,,,,,,3900,https://dkn.gs/sports/images/nba/players/50/678122.png, @ ,3/1/2026
Kobe Sanders,SG/SF,LAC,,,,,,,,,,,,,,,,,,,,,,,,,,3900,https://dkn.gs/sports/images/nba/players/50/906373.png, @ ,3/1/2026
Jared McCain,PG/SG,OKC,,,,,,,,,,,,,,,,,,,,,,,,,,3900,https://dkn.gs/sports/images/nba/players/50/800373.png, @ ,3/1/2026
AJ Johnson,PG/SG,DAL,,,,,,,,,,,,,,,,,,,,,,,,,,3900,https://dkn.gs/sports/images/nba/players/50/800411.png, @ ,3/1/2026
Corey Kispert,SG/SF,ATL,,,,,,,,,,,,,,,,,,,,,,,,,,3800,https://dkn.gs/sports/images/nba/players/50/591016.png, @ ,3/1/2026
Kris Murray,SG/SF,POR,CHA,,,,,,,,,7.5,4,,,12.5,12.3,12.3,12.3,No,10.7,203.4,,,,,,3800,https://dkn.gs/sports/images/nba/players/50/713775.png, @ ,3/1/2026
Mouhamed Gueye,PF/C,ATL,,,,,,,,,,,,,,,,,,,,,,,,,,3700,https://dkn.gs/sports/images/nba/players/50/713791.png, @ ,3/1/2026
Caleb Martin,PF,DAL,,,,,,,,,,,,,,,,,,,,,,,,,,3700,https://dkn.gs/sports/images/nba/players/50/32956.png, @ ,3/1/2026
Yanic Konan Niederhauser,C,LAC,,,,,,,,,,,,,,,,,,,,,,,,,,3700,https://dkn.gs/sports/images/nba/players/50/905579.png, @ ,3/1/2026
Vit Krejci,SG,POR,CHA,,,,,,,,,7.5,,,,7.5,7.5,7.5,7.5,No,10.7,203.4,,,,,,3600,https://dkn.gs/sports/images/nba/players/50/527255.png, @ ,3/1/2026
Ryan Nembhard,PG,DAL,,,,,,,,,,,,,,,,,,,,,,,,,,3600,https://dkn.gs/sports/images/nba/players/50/906412.png, @ ,3/1/2026
Jevon Carter,PG/SG,ORL,,,,,,,,,,,,,,,,,,,,,,,,,,3600,https://dkn.gs/sports/images/nba/players/50/33144.png, @ ,3/1/2026
Killian Hayes,PG,SAC,,,,,,,,,,,,,,,,,,,,,,,,,,3600,https://dkn.gs/sports/images/nba/players/50/527220.png, @ ,3/1/2026
Nicolas Batum,PF,LAC,,,,,,,,,,,,,,,,,,,,,,,,,,3500,https://dkn.gs/sports/images/nba/players/50/32930.png, @ ,3/1/2026
Sidy Cissoko,PF/C,POR,CHA,,,,,,,,,,,,,,,,,No,10.7,203.4,,,,,,3500,https://dkn.gs/sports/images/nba/players/50/713796.png, @ ,3/1/2026
Adem Bona,C,PHI,,,,,,,,,,,,,,,,,,,,,,,,,,3500,https://dkn.gs/sports/images/nba/players/50/800658.png, @ ,3/1/2026
Dwight Powell,C,DAL,,,,,,,,,,,,,,,,,,,,,,,,,,3500,https://dkn.gs/sports/images/nba/players/50/32997.png, @ ,3/1/2026
Moritz Wagner,C,ORL,,,,,,,,,,,,,,,,,,,,,,,,,,3500,https://dkn.gs/sports/images/nba/players/50/32880.png, @ ,3/1/2026
Caris LeVert,PG/SG,DET,,,,,,,,,,,,,,,,,,,,,,,,,,3400,https://dkn.gs/sports/images/nba/players/50/32910.png, @ ,3/1/2026
Trendon Watford,PF,PHI,,,,,,,,,,,,,,,,,,,,,,,,,,3400,https://dkn.gs/sports/images/nba/players/50/591097.png, @ ,3/1/2026
Moussa Cisse,C,DAL,,,,,,,,,,,,,,,,,,,,,,,,,,3400,https://dkn.gs/sports/images/nba/players/50/908768.png, @ ,3/1/2026
Luka Garza,C,BOS,,,,,,,,,,,,,,,,,,,,,,,,,,3300,https://dkn.gs/sports/images/nba/players/50/591056.png, @ ,3/1/2026
Daniss Jenkins,PG,DET,,,,,,,,,,,,,,,,,,,,,,,,,,3300,https://dkn.gs/sports/images/nba/players/50/800802.png, @ ,3/1/2026
Gabe Vincent,PG,ATL,,,,,,,,,,,,,,,,,,,,,,,,,,3300,https://dkn.gs/sports/images/nba/players/50/36560.png, @ ,3/1/2026
Miles Kelly,SG,DAL,,,,,,,,,,,,,,,,,,,,,,,,,,3300,https://dkn.gs/sports/images/nba/players/50/906408.png, @ ,3/1/2026
Hugo Gonzalez,SG/SF,BOS,,,,,,,,,,,,,,,,,,,,,,,,,,3200,https://dkn.gs/sports/images/nba/players/50/905578.png, @ ,3/1/2026
Jonathan Isaac,PF/C,ORL,,,,,,,,,,,,,,,,,,,,,,,,,,3200,https://dkn.gs/sports/images/nba/players/50/33275.png, @ ,3/1/2026
Caleb Love,PG/SG,POR,CHA,,,,,,,,,,,,,,,,,No,10.7,203.4,,,,,,3200,https://dkn.gs/sports/images/nba/players/50/906404.png, @ ,3/1/2026
Buddy Hield,SG/SF,ATL,,,,,,,,,,,,,,,,,,,,,,,,,,3200,https://dkn.gs/sports/images/nba/players/50/33341.png, @ ,3/1/2026
Branden Carlson,C,OKC,,,,,,,,,,,,,,,,,,,,,,,,,,3200,https://dkn.gs/sports/images/nba/players/50/800680.png, @ ,3/1/2026
Isaac Jones,PF/C,DET,,,,,,,,,,,,,,,,,,,,,,,,,,3200,https://dkn.gs/sports/images/nba/players/50/800679.png, @ ,3/1/2026
Javonte Green,SG/SF,DET,,,,,,,,,,,,,,,,,,,,,,,,,,3100,https://dkn.gs/sports/images/nba/players/50/32895.png, @ ,3/1/2026
Jordan Walsh,PF,BOS,,,,,,,,,,,,,,,,,,,,,,,,,,3100,https://dkn.gs/sports/images/nba/players/50/713790.png, @ ,3/1/2026
Isaiah Jackson,C,LAC,,,,,,,,,,,,,,,,,,,,,,,,,,3100,https://dkn.gs/sports/images/nba/players/50/591027.png, @ ,3/1/2026
Jett Howard,SG/SF,ORL,,,,,,,,,,,,,,,,,,,,,,,,,,3100,https://dkn.gs/sports/images/nba/players/50/713764.png, @ ,3/1/2026
Matisse Thybulle,SF/PF,POR,CHA,,,,,,,,,,,,,,,,,No,10.7,203.4,,,,,,3100,https://dkn.gs/sports/images/nba/players/50/33302.png, @ ,3/1/2026
Nikola Topic,PG,OKC,,,,,,,,,,,,,,,,,,,,,,,,,,3100,https://dkn.gs/sports/images/nba/players/50/726072.png, @ ,3/1/2026
Cameron Payne,PG/SG,PHI,,,,,,,,,,,,,,,,,,,,,,,,,,3100,https://dkn.gs/sports/images/nba/players/50/33375.png, @ ,3/1/2026
Jabari Walker,SF/PF,PHI,,,,,,,,,,,,,,,,,,,,,,,,,,3000,https://dkn.gs/sports/images/nba/players/50/649593.png, @ ,3/1/2026
Kevin Huerter,SG/SF,DET,,,,,,,,,,,,,,,,,,,,,,,,,,3000,https://dkn.gs/sports/images/nba/players/50/32851.png, @ ,3/1/2026
De'Andre Hunter,SF,SAC,,,,,,,,,,,,,,,,,,,,,,,,,,3000,https://dkn.gs/sports/images/nba/players/50/32855.png, @ ,3/1/2026
Justin Edwards,SF,PHI,,,,,,,,,,,,,,,,,,,,,,,,,,3000,https://dkn.gs/sports/images/nba/players/50/800676.png, @ ,3/1/2026
Goga Bitadze,C,ORL,,,,,,,,,,,,,,,,,,,,,,,,,,3000,https://dkn.gs/sports/images/nba/players/50/33097.png, @ ,3/1/2026
Keaton Wallace,PG,ATL,,,,,,,,,,,,,,,,,,,,,,,,,,3000,https://dkn.gs/sports/images/nba/players/50/592424.png, @ ,3/1/2026
Jase Richardson,PG/SG,ORL,,,,,,,,,,,,,,,,,,,,,,,,,,3000,https://dkn.gs/sports/images/nba/players/50/905573.png, @ ,3/1/2026
Noah Penda,SF/PF,ORL,,,,,,,,,,,,,,,,,,,,,,,,,,3000,https://dkn.gs/sports/images/nba/players/50/906338.png, @ ,3/1/2026
Asa Newell,PF/C,ATL,,,,,,,,,,,,,,,,,,,,,,,,,,3000,https://dkn.gs/sports/images/nba/players/50/905572.png, @ ,3/1/2026
Cam Christie,SG,LAC,,,,,,,,,,,,,,,,,,,,,,,,,,3000,https://dkn.gs/sports/images/nba/players/50/800660.png, @ ,3/1/2026
Zach LaVine,SG,SAC,,,,,,,,,,,,,,,,,,,,,,,,,,3000,https://dkn.gs/sports/images/nba/players/50/32963.png, @ ,3/1/2026
Tyrese Martin,PG/SG,PHI,,,,,,,,,,,,,,,,,,,,,,,,,,3000,https://dkn.gs/sports/images/nba/players/50/649704.png, @ ,3/1/2026
Drew Eubanks,C,SAC,,,,,,,,,,,,,,,,,,,,,,,,,,3000,https://dkn.gs/sports/images/nba/players/50/33367.png, @ ,3/1/2026
Dalen Terry,SF,PHI,,,,,,,,,,,,,,,,,,,,,,,,,,3000,https://dkn.gs/sports/images/nba/players/50/649567.png, @ ,3/1/2026
Hansen Yang,C,POR,CHA,,,,,,,,,,,,,,,,,No,10.7,203.4,,,,,,3000,https://dkn.gs/sports/images/nba/players/50/905566.png, @ ,3/1/2026
Brooks Barnhizer,SF/PF,OKC,,,,,,,,,,,,,,,,,,,,,,,,,,3000,https://dkn.gs/sports/images/nba/players/50/906349.png, @ ,3/1/2026
Paul George,SF,PHI,,,,,,,,,,,,,,,,,,,,,,,,,,3000,https://dkn.gs/sports/images/nba/players/50/33100.png, @ ,3/1/2026
Christian Koloko,C,ATL,,,,,,,,,,,,,,,,,,,,,,,,,,3000,https://dkn.gs/sports/images/nba/players/50/649579.png, @ ,3/1/2026
Jamal Cain,SF/PF,ORL,,,,,,,,,,,,,,,,,,,,,,,,,,3000,https://dkn.gs/sports/images/nba/players/50/651642.png, @ ,3/1/2026
Chaz Lanier,SG/SF,DET,,,,,,,,,,,,,,,,,,,,,,,,,,3000,https://dkn.gs/sports/images/nba/players/50/906344.png, @ ,3/1/2026
Marcus Sasser,PG,DET,,,,,,,,,,,,,,,,,,,,,,,,,,3000,https://dkn.gs/sports/images/nba/players/50/713777.png, @ ,3/1/2026
Domantas Sabonis,C,SAC,,,,,,,,,,,,,,,,,,,,,,,,,,3000,https://dkn.gs/sports/images/nba/players/50/33091.png, @ ,3/1/2026
Bogdan Bogdanovic,PG/SG,LAC,,,,,,,,,,,,,,,,,,,,,,,,,,3000,https://dkn.gs/sports/images/nba/players/50/33339.png, @ ,3/1/2026
Javonte Cooke,SG,POR,CHA,,,,,,,,,,,,,,,,,No,10.7,203.4,,,,,,3000,https://dkn.gs/sports/images/nba/teams/50/32952.png, @ ,3/1/2026
Blake Wesley,PG,POR,CHA,,,,,,,,,,,,,,,,,No,10.7,203.4,,,,,,3000,https://dkn.gs/sports/images/nba/players/50/649573.png, @ ,3/1/2026
RayJ Dennis,PG,ATL,,,,,,,,,,,,,,,,,,,,,,,,,,3000,https://dkn.gs/sports/images/nba/players/50/803417.png, @ ,3/1/2026
Amari Williams,C,BOS,,,,,,,,,,,,,,,,,,,,,,,,,,3000,https://dkn.gs/sports/images/nba/players/50/906358.png, @ ,3/1/2026
Ron Harper Jr.,SF/PF,BOS,,,,,,,,,,,,,,,,,,,,,,,,,,3000,https://dkn.gs/sports/images/nba/players/50/649598.png, @ ,3/1/2026
Doug McDermott,SF/PF,SAC,,,,,,,,,,,,,,,,,,,,,,,,,,3000,https://dkn.gs/sports/images/nba/players/50/33087.png, @ ,3/1/2026
Johni Broome,C,PHI,,,,,,,,,,,,,,,,,,,,,,,,,,3000,https://dkn.gs/sports/images/nba/players/50/906342.png, @ ,3/1/2026
Caleb Houstan,SF/PF,ATL,,,,,,,,,,,,,,,,,,,,,,,,,,3000,https://dkn.gs/sports/images/nba/players/50/649578.png, @ ,3/1/2026
Bobi Klintman,PF,DET,,,,,,,,,,,,,,,,,,,,,,,,,,3000,https://dkn.gs/sports/images/nba/players/50/800654.png, @ ,3/1/2026
Dereck Lively II,C,DAL,,,,,,,,,,,,,,,,,,,,,,,,,,3000,https://dkn.gs/sports/images/nba/players/50/713765.png, @ ,3/1/2026
Tolu Smith,C,DET,,,,,,,,,,,,,,,,,,,,,,,,,,3000,https://dkn.gs/sports/images/nba/players/50/803776.png, @ ,3/1/2026
Kyle Lowry,PG,PHI,,,,,,,,,,,,,,,,,,,,,,,,,,3000,https://dkn.gs/sports/images/nba/players/50/33371.png, @ ,3/1/2026
Bradley Beal,SG,LAC,,,,,,,,,,,,,,,,,,,,,,,,,,3000,https://dkn.gs/sports/images/nba/players/50/32871.png, @ ,3/1/2026
TyTy Washington Jr.,PG,LAC,,,,,,,,,,,,,,,,,,,,,,,,,,3000,https://dkn.gs/sports/images/nba/players/50/649576.png, @ ,3/1/2026
Dalano Banton,PG,BOS,,,,,,,,,,,,,,,,,,,,,,,,,,3000,https://dkn.gs/sports/images/nba/players/50/591050.png, @ ,3/1/2026
Wendell Moore Jr.,SF,DET,,,,,,,,,,,,,,,,,,,,,,,,,,3000,https://dkn.gs/sports/images/nba/players/50/649575.png, @ ,3/1/2026
Patrick Baldwin Jr.,SF/PF,SAC,,,,,,,,,,,,,,,,,,,,,,,,,,3000,https://dkn.gs/sports/images/nba/players/50/649574.png, @ ,3/1/2026
John Tonje,SG,BOS,,,,,,,,,,,,,,,,,,,,,,,,,,3000,https://dkn.gs/sports/images/nba/players/50/906385.png, @ ,3/1/2026
Buddy Boeheim,SG,OKC,,,,,,,,,,,,,,,,,,,,,,,,,,3000,https://dkn.gs/sports/images/nba/players/50/650227.png, @ ,3/1/2026
Isaiah Stevens,PG,SAC,,,,,,,,,,,,,,,,,,,,,,,,,,3000,https://dkn.gs/sports/images/nba/players/50/829280.png, @ ,3/1/2026
Marjon Beauchamp,SG/SF,PHI,,,,,,,,,,,,,,,,,,,,,,,,,,3000,https://dkn.gs/sports/images/nba/players/50/649592.png, @ ,3/1/2026
Max Shulga,PG,BOS,,,,,,,,,,,,,,,,,,,,,,,,,,3000,https://dkn.gs/sports/images/nba/players/50/906394.png, @ ,3/1/2026
Kyrie Irving,PG/SG,DAL,,,,,,,,,,,,,,,,,,,,,,,,,,3000,https://dkn.gs/sports/images/nba/players/50/32901.png, @ ,3/1/2026
Norchad Omier,PF/C,LAC,,,,,,,,,,,,,,,,,,,,,,,,,,3000,https://dkn.gs/sports/images/nba/players/50/908763.png, @ ,3/1/2026
Sean Pedulla,PG,LAC,,,,,,,,,,,,,,,,,,,,,,,,,,3000,https://dkn.gs/sports/images/nba/teams/50/32925.png, @ ,3/1/2026
Alex Morales,PG,ORL,,,,,,,,,,,,,,,,,,,,,,,,,,3000,https://dkn.gs/sports/images/nba/players/50/651618.png, @ ,3/1/2026
Colin Castleton,C,ORL,,,,,,,,,,,,,,,,,,,,,,,,,,3000,https://dkn.gs/sports/images/nba/players/50/713824.png, @ ,3/1/2026
Thomas Sorber,C,OKC,,,,,,,,,,,,,,,,,,,,,,,,,,3000,https://dkn.gs/sports/images/nba/players/50/905563.png, @ ,3/1/2026